Author Name,Author ID
,AIUB_
& jubayer ahamed,AIUB_&_jubayer_ahamed
& molla,AIUB_&_molla
& parvin,AIUB_&_parvin
& soumen basu,AIUB_&_soumen_basu
& uddin,AIUB_&_uddin
) shahadat hossain,AIUB_)_shahadat_hossain
*,AIUB_*
...sala uddin pathan,AIUB_...sala_uddin_pathan
1 a. k. m. m. hossain,AIUB_1_a._k._m._m._hossain
1 h. ara,AIUB_1_h._ara
1 k. m. e. hasan,AIUB_1_k._m._e._hasan
1 m. k. biswas,AIUB_1_m._k._biswas
1 s. m. sharafuddin,AIUB_1_s._m._sharafuddin
1-15,AIUB_1-15
12) abhijit bhowmik,AIUB_12)_abhijit_bhowmik
18) tania rahman,AIUB_18)_tania_rahman
1a) s. b. faruque,AIUB_1a)_s._b._faruque
2 y. haque1,AIUB_2_y._haque1
2. ahsanul akib,AIUB_2._ahsanul_akib
2. oa beg,AIUB_2._oa_beg
2. sohrab khan,AIUB_2._sohrab_khan
21. m. f. mridha,AIUB_21._m._f._mridha
24) bijoya bose khan,AIUB_24)_bijoya_bose_khan
26) abhijit bhowmik,AIUB_26)_abhijit_bhowmik
3,AIUB_3
4) d karmaker,AIUB_4)_d_karmaker
4. amena ferdosui,AIUB_4._amena_ferdosui
4. m sohail,AIUB_4._m_sohail
5) m a imran,AIUB_5)_m_a_imran
5. ayesha,AIUB_5._ayesha
5. f tuz zohra,AIUB_5._f_tuz_zohra
6) m islam,AIUB_6)_m_islam
7) a bhowmik,AIUB_7)_a_bhowmik
7. ft zohra,AIUB_7._ft_zohra
8. ft tuz zohra,AIUB_8._ft_tuz_zohra
8. hosen,AIUB_8._hosen
9. mj uddin,AIUB_9._mj_uddin
a bhowmik and d karmaker,AIUB_a_bhowmik_and_d_karmaker
a dimas yunianto putro,AIUB_a_dimas_yunianto_putro
a duong tung pham,AIUB_a_duong_tung_pham
a jeonggeun jo,AIUB_a_jeonggeun_jo
a jinju song,AIUB_a_jinju_song
a joseph paul baboo,AIUB_a_joseph_paul_baboo
a jun lee,AIUB_a_jun_lee
a k m atique ullah,AIUB_a_k_m_atique_ullah
a k m m hossain1,AIUB_a_k_m_m_hossain1
a kadir.,AIUB_a_kadir.
a rahman,AIUB_a_rahman
a seokhun kim,AIUB_a_seokhun_kim
a shovan kumar kundu,AIUB_a_shovan_kumar_kundu
a sungjin kim,AIUB_a_sungjin_kim
a suresh kumar singh,AIUB_a_suresh_kumar_singh
a t m k jamil,AIUB_a_t_m_k_jamil
a vinod mathewa and jaekook kim orcid logo *a,AIUB_a_vinod_mathewa_and_jaekook_kim_orcid_logo_*a
a yang-kook sunb and jaekook kim,AIUB_a_yang-kook_sunb_and_jaekook_kim
a.,AIUB_a.
a. a. -m. bulbul,AIUB_a._a._-m._bulbul
a. a. mamun,AIUB_a._a._mamun
a. a. nahid,AIUB_a._a._nahid
a. abdulkadir1,AIUB_a._abdulkadir1
a. aran,AIUB_a._aran
a. f. m. saifuddin saif,AIUB_a._f._m._saifuddin_saif
a. g. m zaman,AIUB_a._g._m_zaman
a. g. m. zaman,AIUB_a._g._m._zaman
a. hussain,AIUB_a._hussain
a. islam,AIUB_a._islam
a. j. keya,AIUB_a._j._keya
a. k. m. m. hossain,AIUB_a._k._m._m._hossain
a. k. saha and d. che,AIUB_a._k._saha_and_d._che
a. kaiyum,AIUB_a._kaiyum
a. khair,AIUB_a._khair
a. kumar,AIUB_a._kumar
a. m. abd el-aty,AIUB_a._m._abd_el-aty
a. m. anisul huq,AIUB_a._m._anisul_huq
a. mannan,AIUB_a._mannan
a. mannan n. a. chowdhury,AIUB_a._mannan_n._a._chowdhury
a. onik,AIUB_a._onik
a. q. ohi,AIUB_a._q._ohi
a. r. m. fahim,AIUB_a._r._m._fahim
a. s. m. a. mamun,AIUB_a._s._m._a._mamun
a. s. m. morshedul,AIUB_a._s._m._morshedul
a. t. m. k. jamil,AIUB_a._t._m._k._jamil
a. t. m. kaosar jamil,AIUB_a._t._m._kaosar_jamil
a. tanzim,AIUB_a._tanzim
a.a. mamun,AIUB_a.a._mamun
a.f.m.s.; hanif,AIUB_a.f.m.s.;_hanif
a.g.m zaman,AIUB_a.g.m_zaman
a.g.m. zaman,AIUB_a.g.m._zaman
a.i.m ismail,AIUB_a.i.m_ismail
a.j.s. ahammad,AIUB_a.j.s._ahammad
a.q.m.,AIUB_a.q.m.
a.r.m.,AIUB_a.r.m.
a.z.m. ehtesham chowdhury,AIUB_a.z.m._ehtesham_chowdhury
aaa rupai,AIUB_aaa_rupai
abdul ahad,AIUB_abdul_ahad
abdul mannan,AIUB_abdul_mannan
abdul mannan and a a mamun,AIUB_abdul_mannan_and_a_a_mamun
abdul mannan and abdullah al mamun,AIUB_abdul_mannan_and_abdullah_al_mamun
abdullah al hussain1,AIUB_abdullah_al_hussain1
abdullah al maruf,AIUB_abdullah_al_maruf
abdullah al-ragib,AIUB_abdullah_al-ragib
abdullah alshehab4,AIUB_abdullah_alshehab4
abdullahi lawal,AIUB_abdullahi_lawal
abdulrahman alkandari3,AIUB_abdulrahman_alkandari3
abdur rahman,AIUB_abdur_rahman
abdus samad,AIUB_abdus_samad
abdussalam balarabe suleiman,AIUB_abdussalam_balarabe_suleiman
abeda s touchy,AIUB_abeda_s_touchy
abeda s. touchy,AIUB_abeda_s._touchy
abeda sultana touchy,AIUB_abeda_sultana_touchy
abhijit bhowmik,AIUB_abhijit_bhowmik
abhijit pathak,AIUB_abhijit_pathak
abhishek bagchi,AIUB_abhishek_bagchi
abrar islam and afroza nahar.,AIUB_abrar_islam_and_afroza_nahar.
abu bakar siddique,AIUB_abu_bakar_siddique
abu jafar md. muzahid,AIUB_abu_jafar_md._muzahid
abu q. ohi,AIUB_abu_q._ohi
abu quwsar,AIUB_abu_quwsar
abu quwsar ohi,AIUB_abu_quwsar_ohi
abu sufian,AIUB_abu_sufian
abubakr m idris,AIUB_abubakr_m_idris
abubakr m. idris,AIUB_abubakr_m._idris
abul khair,AIUB_abul_khair
ac bhowmick,AIUB_ac_bhowmick
adit ishraq,AIUB_adit_ishraq
aditya kumar saha,AIUB_aditya_kumar_saha
adnan sami,AIUB_adnan_sami
adnan sami and md. nazmul hossain,AIUB_adnan_sami_and_md._nazmul_hossain
adnan sayed,AIUB_adnan_sayed
afroza nahar,AIUB_afroza_nahar
afroza yasmin,AIUB_afroza_yasmin
afroza; bin-faisal,AIUB_afroza;_bin-faisal
afsah sharmin,AIUB_afsah_sharmin
afsara tasnim,AIUB_afsara_tasnim
agnieszka jastrzębska,AIUB_agnieszka_jastrzębska
ahamd i. m. ismail,AIUB_ahamd_i._m._ismail
ahmed,AIUB_ahmed
ahmed afif monrat,AIUB_ahmed_afif_monrat
ahmed shahriar sakib,AIUB_ahmed_shahriar_sakib
ahmed sikder,AIUB_ahmed_sikder
ai md. ismail,AIUB_ai_md._ismail
aim ismail,AIUB_aim_ismail
aim ismail.,AIUB_aim_ismail.
aiman lameesa,AIUB_aiman_lameesa
aishwarjyo roy,AIUB_aishwarjyo_roy
ajlina karamehic-muratovic,AIUB_ajlina_karamehic-muratovic
ajmayeen adil,AIUB_ajmayeen_adil
akash mamon sarkar,AIUB_akash_mamon_sarkar
akibur rahman,AIUB_akibur_rahman
akinul islam jony,AIUB_akinul_islam_jony
aklima a. lima,AIUB_aklima_a._lima
aklima akter,AIUB_aklima_akter
aklima akter lima,AIUB_aklima_akter_lima
akm lutfor rahman,AIUB_akm_lutfor_rahman
akm moinul haque meaze1 and humayra ferdous,AIUB_akm_moinul_haque_meaze1_and_humayra_ferdous
akml rahman,AIUB_akml_rahman
akramkhan rony,AIUB_akramkhan_rony
al bakin tushar,AIUB_al_bakin_tushar
al sohan,AIUB_al_sohan
alessandra donofrio,AIUB_alessandra_donofrio
alfarhood s,AIUB_alfarhood_s
aloke kumar saha,AIUB_aloke_kumar_saha
amel ksibi,AIUB_amel_ksibi
amena ferdosui,AIUB_amena_ferdosui
amena ferdousi,AIUB_amena_ferdousi
ami akter1,AIUB_ami_akter1
aminun nahar jhumur,AIUB_aminun_nahar_jhumur
amit banerjee,AIUB_amit_banerjee
and a. a. mamun,AIUB_and_a._a._mamun
and a.j.s. ahammad,AIUB_and_a.j.s._ahammad
and afroza nahar,AIUB_and_afroza_nahar
and ahmed tanvir,AIUB_and_ahmed_tanvir
and aloke kumar saha,AIUB_and_aloke_kumar_saha
and anwar hussen wadud,AIUB_and_anwar_hussen_wadud
and debajyoti karmaker,AIUB_and_debajyoti_karmaker
and dunren che,AIUB_and_dunren_che
and dunren che.,AIUB_and_dunren_che.
and jaekook kim*,AIUB_and_jaekook_kim*
and jaekook kim*†orcid,AIUB_and_jaekook_kim*†orcid
and jamal uddin,AIUB_and_jamal_uddin
and jee-hyeon na,AIUB_and_jee-hyeon_na
and kamruddin nur,AIUB_and_kamruddin_nur
and ken-ichi iimura1,AIUB_and_ken-ichi_iimura1
and ken-ichi shimizu,AIUB_and_ken-ichi_shimizu
and liton jude rozario,AIUB_and_liton_jude_rozario
and m. f. mridha,AIUB_and_m._f._mridha
and m. f. mridha.,AIUB_and_m._f._mridha.
and m. i. pramanik,AIUB_and_m._i._pramanik
and m. m. . rahman,AIUB_and_m._m._._rahman
and m. n. i. khan,AIUB_and_m._n._i._khan
and mayeen uddin khandaker,AIUB_and_mayeen_uddin_khandaker
and md abdus samad,AIUB_and_md_abdus_samad
and md akhtaruzzaman adnan,AIUB_and_md_akhtaruzzaman_adnan
and md. abdul hamid,AIUB_and_md._abdul_hamid
and md. fakhrul islam,AIUB_and_md._fakhrul_islam
and md. habib ullah,AIUB_and_md._habib_ullah
and md. manzurul hasan,AIUB_and_md._manzurul_hasan
and md. manzurul hasan.,AIUB_and_md._manzurul_hasan.
and md. mohsin kabir,AIUB_and_md._mohsin_kabir
and md. nazmul hossain,AIUB_and_md._nazmul_hossain
and md. saidur rahman,AIUB_and_md._saidur_rahman
and md. shafiul islam,AIUB_and_md._shafiul_islam
and md. siyamul islam,AIUB_and_md._siyamul_islam
and michael vassallo,AIUB_and_michael_vassallo
and mimun barid.,AIUB_and_mimun_barid.
and mridha,AIUB_and_mridha
and muhammad firoz mridha,AIUB_and_muhammad_firoz_mridha
and muhammad mohsin kabir,AIUB_and_muhammad_mohsin_kabir
and nihad karim chowdhury,AIUB_and_nihad_karim_chowdhury
and nur d. k,AIUB_and_nur_d._k
and p. a. robinson,AIUB_and_p._a._robinson
and r. mahmud,AIUB_and_r._mahmud
and rafael pous,AIUB_and_rafael_pous
and rifath mahmud,AIUB_and_rifath_mahmud
and sangchul oh,AIUB_and_sangchul_oh
and soumen basu,AIUB_and_soumen_basu
and tanvir ahmed.,AIUB_and_tanvir_ahmed.
and tanvir hossain.,AIUB_and_tanvir_hossain.
and tanzila mehenaz,AIUB_and_tanzila_mehenaz
and tasveer a. bég,AIUB_and_tasveer_a._bég
and umme salma,AIUB_and_umme_salma
and y. haque,AIUB_and_y._haque
and yoshimine kato,AIUB_and_yoshimine_kato
and yutaka watanobe,AIUB_and_yutaka_watanobe
anders avdic,AIUB_anders_avdic
aneem al ahsan rupai,AIUB_aneem_al_ahsan_rupai
aneem-al-ahsan rupai,AIUB_aneem-al-ahsan_rupai
angela caroli,AIUB_angela_caroli
angkita mistry tama,AIUB_angkita_mistry_tama
anik islam,AIUB_anik_islam
anik sen,AIUB_anik_sen
anika saba ibte sum,AIUB_anika_saba_ibte_sum
anika tabassum 3 syed nafiul shefat 4,AIUB_anika_tabassum_3_syed_nafiul_shefat_4
anima baroi,AIUB_anima_baroi
anjir ahmed chowdhury,AIUB_anjir_ahmed_chowdhury
anjir ahmed chowdhury; md abir hossen; md ali azam; md hafizur rahman,AIUB_anjir_ahmed_chowdhury;_md_abir_hossen;_md_ali_azam;_md_hafizur_rahman
anna carreras,AIUB_anna_carreras
annalisa drigo andpaola chiovati,AIUB_annalisa_drigo_andpaola_chiovati
anowar hosen2,AIUB_anowar_hosen2
anupam kumar bairagi,AIUB_anupam_kumar_bairagi
anwarul kabir,AIUB_anwarul_kabir
arafat islam,AIUB_arafat_islam
areef billah,AIUB_areef_billah
argho das,AIUB_argho_das
arif reza anwary,AIUB_arif_reza_anwary
ariyan jahangir,AIUB_ariyan_jahangir
arjun chandra bhowmick,AIUB_arjun_chandra_bhowmick
arora,AIUB_arora
arpona,AIUB_arpona
arupkumar das,AIUB_arupkumar_das
asad abbas,AIUB_asad_abbas
aseya khanom,AIUB_aseya_khanom
ashadu jaman shawon 1,AIUB_ashadu_jaman_shawon_1
ashfia jannat,AIUB_ashfia_jannat
ashfia jannat keya,AIUB_ashfia_jannat_keya
ashraf uddin,AIUB_ashraf_uddin
ashraful goni,AIUB_ashraful_goni
atika farzana urmi,AIUB_atika_farzana_urmi
authors: anika tahsin,AIUB_authors:_anika_tahsin
avijit saha apu,AIUB_avijit_saha_apu
awwal hussain nuhu,AIUB_awwal_hussain_nuhu
ayan mukherjee,AIUB_ayan_mukherjee
ayesha amin,AIUB_ayesha_amin
ayesha siddiqua,AIUB_ayesha_siddiqua
ayesha u,AIUB_ayesha_u
ayman hasib,AIUB_ayman_hasib
azam che idris,AIUB_azam_che_idris
azam che idris and pg emeroylariffion abas,AIUB_azam_che_idris_and_pg_emeroylariffion_abas
azizul azhar ramli,AIUB_azizul_azhar_ramli
azm ehtesham chowdhury,AIUB_azm_ehtesham_chowdhury
azraf faheem,AIUB_azraf_faheem
b saha,AIUB_b_saha
b. gul,AIUB_b._gul
b. himabindu,AIUB_b._himabindu
b. rajini kanth,AIUB_b._rajini_kanth
b. rajini kanth and p. k. mukhopadhyay,AIUB_b._rajini_kanth_and_p._k._mukhopadhyay
b.-h.,AIUB_b.-h.
b.s.; rahman,AIUB_b.s.;_rahman
ba begum,AIUB_ba_begum
balaji sambandam,AIUB_balaji_sambandam
banshal,AIUB_banshal
barnana pal and p k mukhopadhyay,AIUB_barnana_pal_and_p_k_mukhopadhyay
barnana pal and p. k. mukhopadhyay,AIUB_barnana_pal_and_p._k._mukhopadhyay
bashir ahmmad,AIUB_bashir_ahmmad
bayzid ashik hossain,AIUB_bayzid_ashik_hossain
beg oa,AIUB_beg_oa
beg tv,AIUB_beg_tv
bhattacharya,AIUB_bhattacharya
bhoguju rajini kanth,AIUB_bhoguju_rajini_kanth
bhoosreddy,AIUB_bhoosreddy
bijoya bose,AIUB_bijoya_bose
bikash kumar paul,AIUB_bikash_kumar_paul
bilkis a begum,AIUB_bilkis_a_begum
bipasha aktar,AIUB_bipasha_aktar
bithi paul,AIUB_bithi_paul
bm sajjad hossain,AIUB_bm_sajjad_hossain
bodrunnesa,AIUB_bodrunnesa
booshrat e. sharmin,AIUB_booshrat_e._sharmin
bristy talukder md masum billah,AIUB_bristy_talukder_md_masum_billah
bég,AIUB_bég
cemil tunç,AIUB_cemil_tunç
chandra sekhar tiwary,AIUB_chandra_sekhar_tiwary
chang-sik ha,AIUB_chang-sik_ha
che d.,AIUB_che_d.
chifu e. ndikilar,AIUB_chifu_e._ndikilar
choi,AIUB_choi
chongqi zhang,AIUB_chongqi_zhang
chonnam national university,AIUB_chonnam_national_university
claudio trombini,AIUB_claudio_trombini
connie tee,AIUB_connie_tee
d karmaker,AIUB_d_karmaker
d.,AIUB_d.
d. a. bradley,AIUB_d._a._bradley
d. k. das,AIUB_d._k._das
d. mistry,AIUB_d._mistry
d. nandi,AIUB_d._nandi
d. saha,AIUB_d._saha
debajyoti das,AIUB_debajyoti_das
debajyoti das & soumen basu,AIUB_debajyoti_das_&_soumen_basu
debajyoti karmaker,AIUB_debajyoti_karmaker
debajyoti karmekar,AIUB_debajyoti_karmekar
debajyoti mondal,AIUB_debajyoti_mondal
debashish roy,AIUB_debashish_roy
debashish sarker,AIUB_debashish_sarker
debasis kumar,AIUB_debasis_kumar
dhiman sarma,AIUB_dhiman_sarma
dhiraj kumar rana,AIUB_dhiraj_kumar_rana
dhiraj kumar rana and soumen basu,AIUB_dhiraj_kumar_rana_and_soumen_basu
dilshad islam,AIUB_dilshad_islam
dimas yunianto putro,AIUB_dimas_yunianto_putro
dimas yuniantoputroa1muhammad hilmyalfaruqiab1saifulislamaseokhunkimasohyunparkaseulgileeajang-yeonhwangayang-kooksuncjaekookkima,AIUB_dimas_yuniantoputroa1muhammad_hilmyalfaruqiab1saifulislamaseokhunkimasohyunparkaseulgileeajang-yeonhwangayang-kooksuncjaekookkima
dimosthenis anagnostopoulos,AIUB_dimosthenis_anagnostopoulos
din mohammad dohan,AIUB_din_mohammad_dohan
dip nandi,AIUB_dip_nandi
dipanita saha,AIUB_dipanita_saha
dipanwita saha,AIUB_dipanwita_saha
dipta gomes,AIUB_dipta_gomes
dipta justin gomes,AIUB_dipta_justin_gomes
dmitry s. yufit,AIUB_dmitry_s._yufit
dongsu lee,AIUB_dongsu_lee
dr. a. f. m. saifuddin saif,AIUB_dr._a._f._m._saifuddin_saif
dr. abdus salam,AIUB_dr._abdus_salam
dr. afroza nahar,AIUB_dr._afroza_nahar
dr. afroza shelley,AIUB_dr._afroza_shelley
dr. akinul islam jony,AIUB_dr._akinul_islam_jony
dr. ashraf uddin,AIUB_dr._ashraf_uddin
dr. debajyoti karmaker,AIUB_dr._debajyoti_karmaker
dr. dilruba yasmin,AIUB_dr._dilruba_yasmin
dr. dip nandi,AIUB_dr._dip_nandi
dr. hossain md. shakhawat,AIUB_dr._hossain_md._shakhawat
dr. jahida binte islam,AIUB_dr._jahida_binte_islam
dr. kamal uddin sarker,AIUB_dr._kamal_uddin_sarker
dr. kamruddin md. nur,AIUB_dr._kamruddin_md._nur
dr. kamrun nahar mukta,AIUB_dr._kamrun_nahar_mukta
dr. kazi a. kalpoma,AIUB_dr._kazi_a._kalpoma
dr. keshab chandra bhuyan,AIUB_dr._keshab_chandra_bhuyan
dr. khandaker tabin hasan,AIUB_dr._khandaker_tabin_hasan
dr. m m manjurul islam,AIUB_dr._m_m_manjurul_islam
dr. m. m. mahbubul syeed,AIUB_dr._m._m._mahbubul_syeed
dr. m. mostafizur rahman,AIUB_dr._m._mostafizur_rahman
dr. mahadeb kumar das,AIUB_dr._mahadeb_kumar_das
dr. mahfuza khatun,AIUB_dr._mahfuza_khatun
dr. mahjabin taskin,AIUB_dr._mahjabin_taskin
dr. md alamgir kabir,AIUB_dr._md_alamgir_kabir
dr. md iftekharul mobin,AIUB_dr._md_iftekharul_mobin
dr. md taimur ahad,AIUB_dr._md_taimur_ahad
dr. md. abdul hamid,AIUB_dr._md._abdul_hamid
dr. md. abdullah - al - jubair,AIUB_dr._md._abdullah_-_al_-_jubair
dr. md. abdullah - al - jubair.,AIUB_dr._md._abdullah_-_al_-_jubair.
dr. md. alamgir badsha,AIUB_dr._md._alamgir_badsha
dr. md. asraf ali,AIUB_dr._md._asraf_ali
dr. md. atikur rahman khan,AIUB_dr._md._atikur_rahman_khan
dr. md. kamruzzaman,AIUB_dr._md._kamruzzaman
dr. md. mahbub chowdhury mishu,AIUB_dr._md._mahbub_chowdhury_mishu
dr. md. manzurul hasan,AIUB_dr._md._manzurul_hasan
dr. md. mozahar ali,AIUB_dr._md._mozahar_ali
dr. md. rabiul auwul,AIUB_dr._md._rabiul_auwul
dr. md. rayhan uddin,AIUB_dr._md._rayhan_uddin
dr. md. razib hayat khan,AIUB_dr._md._razib_hayat_khan
dr. md. saddam mukta hossain,AIUB_dr._md._saddam_mukta_hossain
dr. md. saef ullah miah,AIUB_dr._md._saef_ullah_miah
dr. md. saiful islam,AIUB_dr._md._saiful_islam
dr. md. sakir hossain,AIUB_dr._md._sakir_hossain
dr. md. sohidul islam,AIUB_dr._md._sohidul_islam
dr. md. taimur ahad,AIUB_dr._md._taimur_ahad
dr. md. tarek hossain,AIUB_dr._md._tarek_hossain
dr. mohammad ferdows,AIUB_dr._mohammad_ferdows
dr. mohammad mahbub rabbani,AIUB_dr._mohammad_mahbub_rabbani
dr. mohammad mahmudul hasan,AIUB_dr._mohammad_mahmudul_hasan
dr. mohammad marufuzzaman,AIUB_dr._mohammad_marufuzzaman
dr. mohammad tariqul islam,AIUB_dr._mohammad_tariqul_islam
dr. mohammed jashim uddin,AIUB_dr._mohammed_jashim_uddin
dr. moushumi zaman bonny,AIUB_dr._moushumi_zaman_bonny
dr. muhammad firoz mridha,AIUB_dr._muhammad_firoz_mridha
dr. preetom nag,AIUB_dr._preetom_nag
dr. razuan karim,AIUB_dr._razuan_karim
dr. rehena parveen,AIUB_dr._rehena_parveen
dr. s. a. m. manzur h. khan,AIUB_dr._s._a._m._manzur_h._khan
dr. s. m. hasan mahmud,AIUB_dr._s._m._hasan_mahmud
dr. s. mosaddeq ahmed,AIUB_dr._s._mosaddeq_ahmed
dr. s. n. m. azizul hoque,AIUB_dr._s._n._m._azizul_hoque
dr. saiful islam,AIUB_dr._saiful_islam
dr. samia mahjabin,AIUB_dr._samia_mahjabin
dr. shohag barman,AIUB_dr._shohag_barman
dr. t. m. shahriar sazzad,AIUB_dr._t._m._shahriar_sazzad
dr. vinod mathew,AIUB_dr._vinod_mathew
dunren che,AIUB_dunren_che
dunrenche,AIUB_dunrenche
duong tung pham†,AIUB_duong_tung_pham†
durjoy sarker,AIUB_durjoy_sarker
e e tzirtzilakis,AIUB_e_e_tzirtzilakis
e hoque1,AIUB_e_hoque1
e. haque,AIUB_e._haque
e. tarif,AIUB_e._tarif
elsayed elbayoumy,AIUB_elsayed_elbayoumy
emran khan ashik,AIUB_emran_khan_ashik
enamul haque shamim,AIUB_enamul_haque_shamim
endo,AIUB_endo
eri nasuno1,AIUB_eri_nasuno1
f j pettersen,AIUB_f_j_pettersen
f. khanom,AIUB_f._khanom
f. mebarek-oudina,AIUB_f._mebarek-oudina
f.; sabbir,AIUB_f.;_sabbir
f.m. bui,AIUB_f.m._bui
f.z. monira,AIUB_f.z._monira
fabio matrone,AIUB_fabio_matrone
fahad ahmed,AIUB_fahad_ahmed
fahad ahmed al-zahrani,AIUB_fahad_ahmed_al-zahrani
fahad al-bin,AIUB_fahad_al-bin
fahad molla,AIUB_fahad_molla
faheemullah shaikh,AIUB_faheemullah_shaikh
fahim,AIUB_fahim
fahim muntasir,AIUB_fahim_muntasir
fahim shahriar,AIUB_fahim_shahriar
fahima khanam,AIUB_fahima_khanam
fahmida khanom,AIUB_fahmida_khanom
faija akter5,AIUB_faija_akter5
faisal,AIUB_faisal
faisal ahmed,AIUB_faisal_ahmed
faisal i. chowdhury,AIUB_faisal_i._chowdhury
faisal islam chowdhury,AIUB_faisal_islam_chowdhury
fakhrul islam and m a hakim,AIUB_fakhrul_islam_and_m_a_hakim
farah noshin chowdhury,AIUB_farah_noshin_chowdhury
fardin ahmed niloy,AIUB_fardin_ahmed_niloy
farha akhter munmun,AIUB_farha_akhter_munmun
farhana afroz,AIUB_farhana_afroz
farhana islam,AIUB_farhana_islam
farid sh. mohamed,AIUB_farid_sh._mohamed
fariha rowshan huda,AIUB_fariha_rowshan_huda
faris a kateb,AIUB_faris_a_kateb
faris a. kateb,AIUB_faris_a._kateb
farisa benta safir,AIUB_farisa_benta_safir
fariya sultana prity,AIUB_fariya_sultana_prity
farnaz ismail,AIUB_farnaz_ismail
faruk abdullah al,AIUB_faruk_abdullah_al
faruk abdullah al sohan,AIUB_faruk_abdullah_al_sohan
faruk hosain,AIUB_faruk_hosain
farzana,AIUB_farzana
farzana alam,AIUB_farzana_alam
farzana bente alam.,AIUB_farzana_bente_alam.
farzana khalil,AIUB_farzana_khalil
farzana khalil3 and md. amjad hossain4,AIUB_farzana_khalil3_and_md._amjad_hossain4
farzana khalil4,AIUB_farzana_khalil4
farzana sabeth,AIUB_farzana_sabeth
fatema jahan,AIUB_fatema_jahan
fatema t. zohra,AIUB_fatema_t._zohra
fatema tuz zohra,AIUB_fatema_tuz_zohra
feroz riazul iqbal,AIUB_feroz_riazul_iqbal
firoz mridha,AIUB_firoz_mridha
fowjia tajnin muna,AIUB_fowjia_tajnin_muna
foyasl ahamed nirob,AIUB_foyasl_ahamed_nirob
foysal ahamed ni̇rob,AIUB_foysal_ahamed_ni̇rob
francis m bui,AIUB_francis_m_bui
ft zohra,AIUB_ft_zohra
g. periyasami,AIUB_g._periyasami
g. sandhya,AIUB_g._sandhya
g. singh,AIUB_g._singh
g.c. biswas,AIUB_g.c._biswas
george kousiouris,AIUB_george_kousiouris
giovanni pirrone,AIUB_giovanni_pirrone
giuseppe fanetti,AIUB_giuseppe_fanetti
gm shafiullah,AIUB_gm_shafiullah
gokul p,AIUB_gokul_p
golam ahsan akib,AIUB_golam_ahsan_akib
golam mortuja,AIUB_golam_mortuja
gollam rabby,AIUB_gollam_rabby
gour chandra paul,AIUB_gour_chandra_paul
gregory l. newman,AIUB_gregory_l._newman
gwangju 500-757,AIUB_gwangju_500-757
h ara,AIUB_h_ara
h ara1,AIUB_h_ara1
h ferdous,AIUB_h_ferdous
h kalvøy,AIUB_h_kalvøy
h rahman,AIUB_h_rahman
h rahman and a bhowmik,AIUB_h_rahman_and_a_bhowmik
h.,AIUB_h.
h. ahmad,AIUB_h._ahmad
h. ara,AIUB_h._ara
h. das,AIUB_h._das
h. goni,AIUB_h._goni
h. jahan,AIUB_h._jahan
h. vaidya,AIUB_h._vaidya
h.m.,AIUB_h.m.
habibul bari shozib1,AIUB_habibul_bari_shozib1
hafijur rahman,AIUB_hafijur_rahman
hamid,AIUB_hamid
hamid osman,AIUB_hamid_osman
hamid osman and md. habib ullah,AIUB_hamid_osman_and_md._habib_ullah
hans j. overgaard,AIUB_hans_j._overgaard
haram moon,AIUB_haram_moon
hari narayan das,AIUB_hari_narayan_das
harinarayan das,AIUB_harinarayan_das
hasan,AIUB_hasan
hasan sanjary islam,AIUB_hasan_sanjary_islam
hasanuzzaman,AIUB_hasanuzzaman
hasibul hossain shajeeb,AIUB_hasibul_hossain_shajeeb
heerok mutsuddy,AIUB_heerok_mutsuddy
hideyuki kastumata,AIUB_hideyuki_kastumata
hideyuki katsumata,AIUB_hideyuki_katsumata
hijaz ahmed and sameh askarh,AIUB_hijaz_ahmed_and_sameh_askarh
hira lal gope,AIUB_hira_lal_gope
hirak chandra dey,AIUB_hirak_chandra_dey
hiralal gope,AIUB_hiralal_gope
hiroaki fukuoka,AIUB_hiroaki_fukuoka
hn das,AIUB_hn_das
ho-chul shin,AIUB_ho-chul_shin
hoque,AIUB_hoque
hossain,AIUB_hossain
hossain m zabed,AIUB_hossain_m_zabed
hossain m. zabed,AIUB_hossain_m._zabed
hossain mr,AIUB_hossain_mr
humaira haroon,AIUB_humaira_haroon
humaira tabassum sujana,AIUB_humaira_tabassum_sujana
humayra ferdous,AIUB_humayra_ferdous
humayra ferdous and shahidul islam,AIUB_humayra_ferdous_and_shahidul_islam
hussam alrabaiah,AIUB_hussam_alrabaiah
i n esha,AIUB_i_n_esha
i.,AIUB_i.
i. jahan and a. q. ohi,AIUB_i._jahan_and_a._q._ohi
i. sardar,AIUB_i._sardar
i.f.t. al-shaikhli2,AIUB_i.f.t._al-shaikhli2
ia jahan,AIUB_ia_jahan
ibrahim adnan chowdhury,AIUB_ibrahim_adnan_chowdhury
ikki tateishi,AIUB_ikki_tateishi
ilyas khan,AIUB_ilyas_khan
imad alshaikhli2,AIUB_imad_alshaikhli2
imad fakhri al-shaikhli,AIUB_imad_fakhri_al-shaikhli
imad fakhri al-shaikhli2,AIUB_imad_fakhri_al-shaikhli2
imran prodan,AIUB_imran_prodan
ishrat zahan,AIUB_ishrat_zahan
islam,AIUB_islam
islam md. shariful,AIUB_islam_md._shariful
islam mn,AIUB_islam_mn
islam raiyan,AIUB_islam_raiyan
ismail m.m. rahman,AIUB_ismail_m.m._rahman
israt jahan mouri,AIUB_israt_jahan_mouri
israt kabir,AIUB_israt_kabir
j.,AIUB_j.
j. a. mahmud and m. f. mridha,AIUB_j._a._mahmud_and_m._f._mridha
j. das,AIUB_j._das
j. hossen,AIUB_j._hossen
j. i. khandaker,AIUB_j._i._khandaker
j. i. khandaker s. i. liba,AIUB_j._i._khandaker_s._i._liba
j. r. jim,AIUB_j._r._jim
j. shin,AIUB_j._shin
j. uddin,AIUB_j._uddin
j.; sonok,AIUB_j.;_sonok
jacky keung,AIUB_jacky_keung
jacky wai keung,AIUB_jacky_wai_keung
jaekook kim,AIUB_jaekook_kim
jagotamoy das,AIUB_jagotamoy_das
jahanggir hossain setu and k.m. imtiaz-ud-din,AIUB_jahanggir_hossain_setu_and_k.m._imtiaz-ud-din
jahangir hossain setu,AIUB_jahangir_hossain_setu
jahid hasan rony,AIUB_jahid_hasan_rony
jahida b islam,AIUB_jahida_b_islam
jahida binte islam,AIUB_jahida_binte_islam
jahidabinte islam,AIUB_jahidabinte_islam
jahidul islam,AIUB_jahidul_islam
jahin,AIUB_jahin
jamal uddin,AIUB_jamal_uddin
jamil m. a. rahman,AIUB_jamil_m._a._rahman
jang-yeon hwang,AIUB_jang-yeon_hwang
jannatul ferdosy,AIUB_jannatul_ferdosy
jannatul ferdous eva,AIUB_jannatul_ferdous_eva
jannatul ferdous srabonee,AIUB_jannatul_ferdous_srabonee
jannatul maowa,AIUB_jannatul_maowa
jb islam,AIUB_jb_islam
jenita jahangir,AIUB_jenita_jahangir
jeonggeun jo,AIUB_jeonggeun_jo
jeonggeun jo†,AIUB_jeonggeun_jo†
jeonggeunjoaseokhunkimavinodmathewayang-kooksunbjaekookkima,AIUB_jeonggeunjoaseokhunkimavinodmathewayang-kooksunbjaekookkima
jia uddin,AIUB_jia_uddin
jiban podder,AIUB_jiban_podder
jinju song†,AIUB_jinju_song†
jinsul kim,AIUB_jinsul_kim
jobair hossain,AIUB_jobair_hossain
jong-hyouk park,AIUB_jong-hyouk_park
jong-myon kim,AIUB_jong-myon_kim
josef b. g. gluyas,AIUB_josef_b._g._gluyas
joseph paul baboo†,AIUB_joseph_paul_baboo†
joyanta ghosh,AIUB_joyanta_ghosh
jubayer ahamed,AIUB_jubayer_ahamed
jubayer al mahmud,AIUB_jubayer_al_mahmud
judith a. k. howard,AIUB_judith_a._k._howard
juena ahmed noshin,AIUB_juena_ahmed_noshin
jugal krishna das,AIUB_jugal_krishna_das
jun lee,AIUB_jun_lee
jungpil,AIUB_jungpil
jungpil shin,AIUB_jungpil_shin
k m e hasan1,AIUB_k_m_e_hasan1
k shahin ahmed,AIUB_k_shahin_ahmed
k.,AIUB_k.
k. . biswas,AIUB_k._._biswas
k. ahmed,AIUB_k._ahmed
k. asraful islam,AIUB_k._asraful_islam
k. m. e. hasan,AIUB_k._m._e._hasan
k. m. hasib,AIUB_k._m._hasib
k. m. imtiaz-ud-din,AIUB_k._m._imtiaz-ud-din
k. mridha,AIUB_k._mridha
k. n. mukta,AIUB_k._n._mukta
k. nur and a. kumar saha,AIUB_k._nur_and_a._kumar_saha
k. o. faruk,AIUB_k._o._faruk
k.c. roy,AIUB_k.c._roy
ka khan,AIUB_ka_khan
kabir,AIUB_kabir
kah ong michael goh,AIUB_kah_ong_michael_goh
kah wei ting,AIUB_kah_wei_ting
kakon paul avi,AIUB_kakon_paul_avi
kamal z zamli,AIUB_kamal_z_zamli
kamaluddeen abubakar isah,AIUB_kamaluddeen_abubakar_isah
kamarul h. ghazali,AIUB_kamarul_h._ghazali
kamruddin nur,AIUB_kamruddin_nur
kamruddin nur and mohammad motiur rahman,AIUB_kamruddin_nur_and_mohammad_motiur_rahman
kanayo kenneth asogwa,AIUB_kanayo_kenneth_asogwa
kanija muntarina,AIUB_kanija_muntarina
kaniz fatema,AIUB_kaniz_fatema
karl andersson,AIUB_karl_andersson
karthick kanagarathinam,AIUB_karthick_kanagarathinam
kaushik biswas,AIUB_kaushik_biswas
kawsar ahmed,AIUB_kawsar_ahmed
kawser irom rushee,AIUB_kawser_irom_rushee
kawser wazed nafi,AIUB_kawser_wazed_nafi
kazi omar faruk,AIUB_kazi_omar_faruk
kazi sadia,AIUB_kazi_sadia
kazuhisa a. chikita4,AIUB_kazuhisa_a._chikita4
kazy noor e alam siddiquee,AIUB_kazy_noor_e_alam_siddiquee
ken-ichi shimizu,AIUB_ken-ichi_shimizu
keya,AIUB_keya
kh. abdul maleque,AIUB_kh._abdul_maleque
khadija kubra shahjalal hoque,AIUB_khadija_kubra_shahjalal_hoque
khadiza akter mitu,AIUB_khadiza_akter_mitu
khadiza akter mitu1,AIUB_khadiza_akter_mitu1
khadizatul kobra,AIUB_khadizatul_kobra
khan md hasib,AIUB_khan_md_hasib
khan wa,AIUB_khan_wa
khandaker mohammad mohi uddin,AIUB_khandaker_mohammad_mohi_uddin
khandaker tabin hasan,AIUB_khandaker_tabin_hasan
khaza newaz muhammad,AIUB_khaza_newaz_muhammad
khondokar oliullah,AIUB_khondokar_oliullah
khondoker shahrina,AIUB_khondoker_shahrina
km imtiaz-ud-din,AIUB_km_imtiaz-ud-din
km intiaz-ud-din,AIUB_km_intiaz-ud-din
kn siddique,AIUB_kn_siddique
kn siddiquee and r karim,AIUB_kn_siddiquee_and_r_karim
ks ahmed,AIUB_ks_ahmed
kug-seung lee§,AIUB_kug-seung_lee§
kumari,AIUB_kumari
kungen teii,AIUB_kungen_teii
kuri,AIUB_kuri
kwabena ebo bennin,AIUB_kwabena_ebo_bennin
kwangho kim,AIUB_kwangho_kim
l. k. saha,AIUB_l._k._saha
l.k. saha,AIUB_l.k._saha
l.k. smirani,AIUB_l.k._smirani
lamisa yesmin,AIUB_lamisa_yesmin
laveet kumar,AIUB_laveet_kumar
laxmikanta karmakar,AIUB_laxmikanta_karmakar
lazima ansari,AIUB_lazima_ansari
lee,AIUB_lee
lima,AIUB_lima
linesh raja,AIUB_linesh_raja
liton jude rozario,AIUB_liton_jude_rozario
m a ali,AIUB_m_a_ali
m a hakim and m n i khan,AIUB_m_a_hakim_and_m_n_i_khan
m a imran,AIUB_m_a_imran
m a u rahman and d karmaker,AIUB_m_a_u_rahman_and_d_karmaker
m borhan uddin,AIUB_m_borhan_uddin
m d hossain,AIUB_m_d_hossain
m ferdows,AIUB_m_ferdows
m jashim uddin,AIUB_m_jashim_uddin
m k biswas,AIUB_m_k_biswas
m k biswas3,AIUB_m_k_biswas3
m k r khan and m mozibur rahman,AIUB_m_k_r_khan_and_m_mozibur_rahman
m m hassan,AIUB_m_m_hassan
m m manjurul islam,AIUB_m_m_manjurul_islam
m moniruzzaman,AIUB_m_moniruzzaman
m mostafizur rahman,AIUB_m_mostafizur_rahman
m n h liton,AIUB_m_n_h_liton
m n i khan,AIUB_m_n_i_khan
m r hasan,AIUB_m_r_hasan
m s u miah,AIUB_m_s_u_miah
m s u miah and a bhowmik,AIUB_m_s_u_miah_and_a_bhowmik
m sarkar,AIUB_m_sarkar
m.,AIUB_m.
m. a. awal,AIUB_m._a._awal
m. a. basith,AIUB_m._a._basith
m. a. h. wadud,AIUB_m._a._h._wadud
m. a. hakim,AIUB_m._a._hakim
m. a. hakim and j. i. khandaker,AIUB_m._a._hakim_and_j._i._khandaker
m. a. hakim and p. k. mukhopadhyay,AIUB_m._a._hakim_and_p._k._mukhopadhyay
m. a. hamid,AIUB_m._a._hamid
m. a. hamid and m. m. monowar,AIUB_m._a._hamid_and_m._m._monowar
m. a. hoque,AIUB_m._a._hoque
m. a. hossaina,AIUB_m._a._hossaina
m. a. hussen wadud,AIUB_m._a._hussen_wadud
m. a. islam,AIUB_m._a._islam
m. a. jafor,AIUB_m._a._jafor
m. a. jalil,AIUB_m._a._jalil
m. a. khatun,AIUB_m._a._khatun
m. a. zubair,AIUB_m._a._zubair
m. abdullah-al-wadud and a. alamri,AIUB_m._abdullah-al-wadud_and_a._alamri
m. abdullah-al-wadud and md.saiful islam,AIUB_m._abdullah-al-wadud_and_md.saiful_islam
m. afsana azam,AIUB_m._afsana_azam
m. aliuzzaman,AIUB_m._aliuzzaman
m. ameer ali,AIUB_m._ameer_ali
m. anwar hussen wadud,AIUB_m._anwar_hussen_wadud
m. atikur rahman,AIUB_m._atikur_rahman
m. borhan uddin,AIUB_m._borhan_uddin
m. d. i. bhuyana,AIUB_m._d._i._bhuyana
m. eliasa,AIUB_m._eliasa
m. f.,AIUB_m._f.
m. f. . mridha,AIUB_m._f._._mridha
m. f. and okuyama,AIUB_m._f._and_okuyama
m. f. mahamud,AIUB_m._f._mahamud
m. f. mridha,AIUB_m._f._mridha
m. g.,AIUB_m._g.
m. hasanuzzaman,AIUB_m._hasanuzzaman
m. i. r. mamun,AIUB_m._i._r._mamun
m. j. h. munshi and m. m. a. sarker,AIUB_m._j._h._munshi_and_m._m._a._sarker
m. j. uddin,AIUB_m._j._uddin
m. junayed ibne mohiuddin udoy,AIUB_m._junayed_ibne_mohiuddin_udoy
m. k. alam,AIUB_m._k._alam
m. k. alame and m. s. i. sarker,AIUB_m._k._alame_and_m._s._i._sarker
m. k. biswas,AIUB_m._k._biswas
m. k. r. khan,AIUB_m._k._r._khan
m. m.,AIUB_m._m.
m. m. a. hashem,AIUB_m._m._a._hashem
m. m. h.,AIUB_m._m._h.
m. m. hossain,AIUB_m._m._hossain
m. m. kabir,AIUB_m._m._kabir
m. m. kabir and j. shin,AIUB_m._m._kabir_and_j._shin
m. m. manjurul islam,AIUB_m._m._manjurul_islam
m. m. monowar,AIUB_m._m._monowar
m. m. monowar and f. a. kateb,AIUB_m._m._monowar_and_f._a._kateb
m. m. rahman,AIUB_m._m._rahman
m. m. rahman and md. a. r. jamil,AIUB_m._m._rahman_and_md._a._r._jamil
m. m. uddin,AIUB_m._m._uddin
m. m. uddin and m. f. mridha,AIUB_m._m._uddin_and_m._f._mridha
m. mahbubul haque,AIUB_m._mahbubul_haque
m. mahbubul syeed,AIUB_m._mahbubul_syeed
m. mahmudul hasan,AIUB_m._mahmudul_hasan
m. mahmudulhasan,AIUB_m._mahmudulhasan
m. masud,AIUB_m._masud
m. mostafizur rahman,AIUB_m._mostafizur_rahman
m. mostafizur rahman and ayesha siddiqua,AIUB_m._mostafizur_rahman_and_ayesha_siddiqua
m. n.,AIUB_m._n.
m. n. i. khan,AIUB_m._n._i._khan
m. n. i. khan and j. i. khandaker,AIUB_m._n._i._khan_and_j._i._khandaker
m. n. i. khan d,AIUB_m._n._i._khan_d
m. n. islam and m. a. basith,AIUB_m._n._islam_and_m._a._basith
m. n. u. al mahmud,AIUB_m._n._u._al_mahmud
m. nishat,AIUB_m._nishat
m. r tasmia,AIUB_m._r_tasmia
m. r. hasan,AIUB_m._r._hasan
m. r. islam and y. watanobe,AIUB_m._r._islam_and_y._watanobe
m. rahaman,AIUB_m._rahaman
m. s.,AIUB_m._s.
m. s. bashar,AIUB_m._s._bashar
m. s. h. shovon,AIUB_m._s._h._shovon
m. s. hossain,AIUB_m._s._hossain
m. s. i. mallik,AIUB_m._s._i._mallik
m. s. khalid,AIUB_m._s._khalid
m. s. tehjib,AIUB_m._s._tehjib
m. saef ullah miah,AIUB_m._saef_ullah_miah
m. safran,AIUB_m._safran
m. safran and d. che,AIUB_m._safran_and_d._che
m. t. hosain,AIUB_m._t._hosain
m. tanseer ali,AIUB_m._tanseer_ali
m.a moni,AIUB_m.a_moni
m.a. aziz,AIUB_m.a._aziz
m.a. basith,AIUB_m.a._basith
m.a. hakim,AIUB_m.a._hakim
m.a. hossain,AIUB_m.a._hossain
m.a. mamun,AIUB_m.a._mamun
m.a. matin,AIUB_m.a._matin
m.a. zubair,AIUB_m.a._zubair
m.d. hossain,AIUB_m.d._hossain
m.f. elahe,AIUB_m.f._elahe
m.f. mridha,AIUB_m.f._mridha
m.h. rahman,AIUB_m.h._rahman
m.i.; shakil,AIUB_m.i.;_shakil
m.j uddin,AIUB_m.j_uddin
m.j. uddin,AIUB_m.j._uddin
m.j.h. munshi,AIUB_m.j.h._munshi
m.k. islam,AIUB_m.k._islam
m.m. hasan,AIUB_m.m._hasan
m.m. rabbani,AIUB_m.m._rabbani
m.m.; haque,AIUB_m.m.;_haque
m.m.a. sarker,AIUB_m.m.a._sarker
m.m.n.; jaman,AIUB_m.m.n.;_jaman
m.m.u.; shawkat,AIUB_m.m.u.;_shawkat
m.n.i. khan,AIUB_m.n.i._khan
m.r. hassan,AIUB_m.r._hassan
m.r. karim,AIUB_m.r._karim
m.r. rahman,AIUB_m.r._rahman
m.s khan,AIUB_m.s_khan
m.s. khan,AIUB_m.s._khan
m.s. sikder,AIUB_m.s._sikder
m.t. aziz,AIUB_m.t._aziz
ma basith,AIUB_ma_basith
maa nahid,AIUB_maa_nahid
madini o. alassafi,AIUB_madini_o._alassafi
mahadi hasan and jugal krishna das,AIUB_mahadi_hasan_and_jugal_krishna_das
mahady hasan,AIUB_mahady_hasan
mahamudul hasan rana,AIUB_mahamudul_hasan_rana
mahbuba khanom,AIUB_mahbuba_khanom
mahedi hasan rasel,AIUB_mahedi_hasan_rasel
mahfara hoque,AIUB_mahfara_hoque
mahfujur rahman,AIUB_mahfujur_rahman
mahfuz khatun,AIUB_mahfuz_khatun
mahfuzur rahman,AIUB_mahfuzur_rahman
mahfuzur rahman*,AIUB_mahfuzur_rahman*
mahjabin taskin,AIUB_mahjabin_taskin
mahmud hasan,AIUB_mahmud_hasan
mahmud shareef,AIUB_mahmud_shareef
mahmudur rahman,AIUB_mahmudur_rahman
mai furukawa,AIUB_mai_furukawa
maisha maliha,AIUB_maisha_maliha
maliha kabir,AIUB_maliha_kabir
maliyat tarannum maruf,AIUB_maliyat_tarannum_maruf
mamon sarkar,AIUB_mamon_sarkar
mamun asma,AIUB_mamun_asma
mamun hasan,AIUB_mamun_hasan
manifa noor,AIUB_manifa_noor
mara nikolaidou,AIUB_mara_nikolaidou
marc morenza-cinos,AIUB_marc_morenza-cinos
marcelo corrales,AIUB_marcelo_corrales
marisha tiwari,AIUB_marisha_tiwari
marjia akter,AIUB_marjia_akter
marzana bintay tuba,AIUB_marzana_bintay_tuba
marzia sultana,AIUB_marzia_sultana
masaaki nakamura,AIUB_masaaki_nakamura
masayoshi bando,AIUB_masayoshi_bando
mashiour rahman,AIUB_mashiour_rahman
mashnoon alam sakib,AIUB_mashnoon_alam_sakib
masum,AIUB_masum
matin abdul,AIUB_matin_abdul
mayeen uddin khandaker,AIUB_mayeen_uddin_khandaker
mayesha sharmim tisha,AIUB_mayesha_sharmim_tisha
mazedul islam emon,AIUB_mazedul_islam_emon
md abdul alim,AIUB_md_abdul_alim
md abdul awal,AIUB_md_abdul_awal
md abdul hamid,AIUB_md_abdul_hamid
md abdul majed patwary,AIUB_md_abdul_majed_patwary
md abdullah al mamun,AIUB_md_abdullah_al_mamun
md abdus samad,AIUB_md_abdus_samad
md abid-ar-rafi,AIUB_md_abid-ar-rafi
md abrar,AIUB_md_abrar
md al-amin,AIUB_md_al-amin
md alamgir kabir,AIUB_md_alamgir_kabir
md antonin islam,AIUB_md_antonin_islam
md anwar hussen wadud,AIUB_md_anwar_hussen_wadud
md ashraful babu,AIUB_md_ashraful_babu
md asraf ali,AIUB_md_asraf_ali
md faruk abdullah; nahar,AIUB_md_faruk_abdullah;_nahar
md ferdous mridha,AIUB_md_ferdous_mridha
md golam ahsan akib,AIUB_md_golam_ahsan_akib
md habib ullah,AIUB_md_habib_ullah
md habibur rahman,AIUB_md_habibur_rahman
md habibur rahmanmd habibur rahmanhumayan kabir ranahumayan kabir ranasilong pengshow all 7 authorsmohammad ali monimohammad ali moni,AIUB_md_habibur_rahmanmd_habibur_rahmanhumayan_kabir_ranahumayan_kabir_ranasilong_pengshow_all_7_authorsmohammad_ali_monimohammad_ali_moni
md hanif,AIUB_md_hanif
md iftekharul alam efat,AIUB_md_iftekharul_alam_efat
md iftekharul mobin,AIUB_md_iftekharul_mobin
md ismail hossain sadhin,AIUB_md_ismail_hossain_sadhin
md ismail hossen,AIUB_md_ismail_hossen
md jahidul islam,AIUB_md_jahidul_islam
md jasim uddin,AIUB_md_jasim_uddin
md junayed hasan,AIUB_md_junayed_hasan
md kamruzzaman,AIUB_md_kamruzzaman
md kawchar ahmed patwary,AIUB_md_kawchar_ahmed_patwary
md mamun ali,AIUB_md_mamun_ali
md mamunur rashid,AIUB_md_mamunur_rashid
md manzurul hasan,AIUB_md_manzurul_hasan
md masud rana1,AIUB_md_masud_rana1
md masuduzzaman,AIUB_md_masuduzzaman
md masum billah,AIUB_md_masum_billah
md mehedi hasan,AIUB_md_mehedi_hasan
md mehedi hasan and sungoh kwon,AIUB_md_mehedi_hasan_and_sungoh_kwon
md mehedi hassan onik,AIUB_md_mehedi_hassan_onik
md mijanur rahman,AIUB_md_mijanur_rahman
md mohimen molla,AIUB_md_mohimen_molla
md mohsin kabir,AIUB_md_mohsin_kabir
md morshedul alam3,AIUB_md_morshedul_alam3
md mortuza ahmmed,AIUB_md_mortuza_ahmmed
md motaleb hassan,AIUB_md_motaleb_hassan
md nazmul hossain,AIUB_md_nazmul_hossain
md neamul islam and md rifat hasan,AIUB_md_neamul_islam_and_md_rifat_hasan
md ohiduzzaman,AIUB_md_ohiduzzaman
md perveg meah,AIUB_md_perveg_meah
md rafsun jani,AIUB_md_rafsun_jani
md rahat ibne sattar,AIUB_md_rahat_ibne_sattar
md rakibul islam,AIUB_md_rakibul_islam
md rashedul islam,AIUB_md_rashedul_islam
md rashedul islam *,AIUB_md_rashedul_islam_*
md reazul islam,AIUB_md_reazul_islam
md rifat hossan,AIUB_md_rifat_hossan
md rifat-ibn-alam,AIUB_md_rifat-ibn-alam
md sabbir,AIUB_md_sabbir
md saddam hossain mukta,AIUB_md_saddam_hossain_mukta
md sadi al huda,AIUB_md_sadi_al_huda
md saef ullah miah,AIUB_md_saef_ullah_miah
md saiduzzaman,AIUB_md_saiduzzaman
md saifuddin khalid,AIUB_md_saifuddin_khalid
md saifur rahman,AIUB_md_saifur_rahman
md sajid,AIUB_md_sajid
md sajid bin-faisal,AIUB_md_sajid_bin-faisal
md sakib bin alam,AIUB_md_sakib_bin_alam
md sakib hossain,AIUB_md_sakib_hossain
md sakib hossain shovon,AIUB_md_sakib_hossain_shovon
md sarowar hossain,AIUB_md_sarowar_hossain
md shakhawat hossain,AIUB_md_shakhawat_hossain
md shakilur rahman,AIUB_md_shakilur_rahman
md sharif samad,AIUB_md_sharif_samad
md shazzad hossain shihab,AIUB_md_shazzad_hossain_shihab
md siyamul islam,AIUB_md_siyamul_islam
md sohan,AIUB_md_sohan
md sumon reza,AIUB_md_sumon_reza
md taimur ahad,AIUB_md_taimur_ahad
md thowhid bin hossain efty,AIUB_md_thowhid_bin_hossain_efty
md tohidul islam,AIUB_md_tohidul_islam
md zainal abedin,AIUB_md_zainal_abedin
md.,AIUB_md.
md. a. hamid,AIUB_md._a._hamid
md. a. i.,AIUB_md._a._i.
md. a. r. jamil,AIUB_md._a._r._jamil
md. abdul,AIUB_md._abdul
md. abdul awal,AIUB_md._abdul_awal
md. abdul awal ansary,AIUB_md._abdul_awal_ansary
md. abdul hadi,AIUB_md._abdul_hadi
md. abdul hamid,AIUB_md._abdul_hamid
md. abdul malek,AIUB_md._abdul_malek
md. abdul matin,AIUB_md._abdul_matin
md. abdullah al mamun,AIUB_md._abdullah_al_mamun
md. abdullah al nahid1,AIUB_md._abdullah_al_nahid1
md. abdullah-al-jubair,AIUB_md._abdullah-al-jubair
md. abdus salam,AIUB_md._abdus_salam
md. abu bakar siddique,AIUB_md._abu_bakar_siddique
md. abu helal,AIUB_md._abu_helal
md. abu jafor,AIUB_md._abu_jafor
md. abu jubaer,AIUB_md._abu_jubaer
md. abu sayem & md. golam hossain,AIUB_md._abu_sayem_&_md._golam_hossain
md. abul kalam azad,AIUB_md._abul_kalam_azad
md. ahedul akbor,AIUB_md._ahedul_akbor
md. akhtaruzzaman adnan,AIUB_md._akhtaruzzaman_adnan
md. akhtaruzzaman emon,AIUB_md._akhtaruzzaman_emon
md. al imran,AIUB_md._al_imran
md. al-amin,AIUB_md._al-amin
md. al-mamun riyadh and md. manzurul hasan,AIUB_md._al-mamun_riyadh_and_md._manzurul_hasan
md. amjad hossain,AIUB_md._amjad_hossain
md. amjad hossain3 farzana khalil4 and tonima mustafa1*,AIUB_md._amjad_hossain3_farzana_khalil4_and_tonima_mustafa1*
md. amzad hossain jacky,AIUB_md._amzad_hossain_jacky
md. anwar hussen,AIUB_md._anwar_hussen
md. anwar hussen wadud,AIUB_md._anwar_hussen_wadud
md. anwar hussen wadud & md. whaiduzzaman,AIUB_md._anwar_hussen_wadud_&_md._whaiduzzaman
md. anwar hussen wadud and md. abdul hamid,AIUB_md._anwar_hussen_wadud_and_md._abdul_hamid
md. anwarul kabir,AIUB_md._anwarul_kabir
md. ariful islam,AIUB_md._ariful_islam
md. arifuzzaman,AIUB_md._arifuzzaman
md. ashraful babu,AIUB_md._ashraful_babu
md. asiful islam,AIUB_md._asiful_islam
md. asraf ali,AIUB_md._asraf_ali
md. atik foysal,AIUB_md._atik_foysal
md. aulad hossain,AIUB_md._aulad_hossain
md. dulal hossain,AIUB_md._dulal_hossain
md. ehasanul haque,AIUB_md._ehasanul_haque
md. ezazul islam,AIUB_md._ezazul_islam
md. ezharul islam,AIUB_md._ezharul_islam
md. fahad monir,AIUB_md._fahad_monir
md. fakhrul islam,AIUB_md._fakhrul_islam
md. faruk abdullah al sohan,AIUB_md._faruk_abdullah_al_sohan
md. fayz-al- asad,AIUB_md._fayz-al-_asad
md. fayz-al-asad,AIUB_md._fayz-al-asad
md. fayz-al-asad & sultan alqahtani,AIUB_md._fayz-al-asad_&_sultan_alqahtani
md. golam ahsan akib,AIUB_md._golam_ahsan_akib
md. habib ullah,AIUB_md._habib_ullah
md. habibur rahman and mohammad ali moni,AIUB_md._habibur_rahman_and_mohammad_ali_moni
md. hasibul hasan,AIUB_md._hasibul_hasan
md. helal miah,AIUB_md._helal_miah
md. hridoy bhuyan,AIUB_md._hridoy_bhuyan
md. ibrahim bahadur,AIUB_md._ibrahim_bahadur
md. iftekharul alam efat,AIUB_md._iftekharul_alam_efat
md. iqbal hossain,AIUB_md._iqbal_hossain
md. ismail hossen,AIUB_md._ismail_hossen
md. istiaq ahmed,AIUB_md._istiaq_ahmed
md. jainal abedin,AIUB_md._jainal_abedin
md. jakir mia,AIUB_md._jakir_mia
md. jamil hossain,AIUB_md._jamil_hossain
md. jamsher ali,AIUB_md._jamsher_ali
md. kais k. emon,AIUB_md._kais_k._emon
md. kamrujjaman,AIUB_md._kamrujjaman
md. kamrul hasan,AIUB_md._kamrul_hasan
md. khabir uddin & md. mostafizur rahman,AIUB_md._khabir_uddin_&_md._mostafizur_rahman
md. khairul alam mazumder,AIUB_md._khairul_alam_mazumder
md. khairul bashar bhuiyan,AIUB_md._khairul_bashar_bhuiyan
md. kishor morol,AIUB_md._kishor_morol
md. m billah,AIUB_md._m_billah
md. mahadi masnad,AIUB_md._mahadi_masnad
md. mahbubur rahman,AIUB_md._mahbubur_rahman
md. mahbubur rahman and dipanjali kundu and sayma alam suha and umme raihan siddiqi and samrat kumar dey,AIUB_md._mahbubur_rahman_and_dipanjali_kundu_and_sayma_alam_suha_and_umme_raihan_siddiqi_and_samrat_kumar_dey
md. mahfuzur rhaman,AIUB_md._mahfuzur_rhaman
md. mahmudur rahman,AIUB_md._mahmudur_rahman
md. mahmudur rahman and md. manzurul hasan.,AIUB_md._mahmudur_rahman_and_md._manzurul_hasan.
md. mahmudur rahman and mimun barid,AIUB_md._mahmudur_rahman_and_mimun_barid
md. mamun habib,AIUB_md._mamun_habib
md. manirul alam sarker and a. i. ismail,AIUB_md._manirul_alam_sarker_and_a._i._ismail
md. manirul islam,AIUB_md._manirul_islam
md. manzurul hasan,AIUB_md._manzurul_hasan
md. manzurul hasan & md. saidur rahman,AIUB_md._manzurul_hasan_&_md._saidur_rahman
md. manzurul hasan and tanvir hossain,AIUB_md._manzurul_hasan_and_tanvir_hossain
md. manzurul islam,AIUB_md._manzurul_islam
md. masud parvez,AIUB_md._masud_parvez
md. masuduzzaman,AIUB_md._masuduzzaman
md. masum billah,AIUB_md._masum_billah
md. mazid-ul-haque,AIUB_md._mazid-ul-haque
md. mazid-ul-haque and md. sohidul islam,AIUB_md._mazid-ul-haque_and_md._sohidul_islam
md. md. ariful islam,AIUB_md._md._ariful_islam
md. mehedi hassan onik,AIUB_md._mehedi_hassan_onik
md. mijanur rahman and md. ismail jabiullah,AIUB_md._mijanur_rahman_and_md._ismail_jabiullah
md. mir hossain,AIUB_md._mir_hossain
md. mohsin kabir,AIUB_md._mohsin_kabir
md. moniruzzaman,AIUB_md._moniruzzaman
md. mortuza ahmmed,AIUB_md._mortuza_ahmmed
md. motaleb hossain2*,AIUB_md._motaleb_hossain2*
md. murad hossain sarker,AIUB_md._murad_hossain_sarker
md. musfiqur rahaman,AIUB_md._musfiqur_rahaman
md. musfiqur rahman,AIUB_md._musfiqur_rahman
md. nabobi,AIUB_md._nabobi
md. nabobi hasan,AIUB_md._nabobi_hasan
md. najmol hoque,AIUB_md._najmol_hoque
md. navid bin anwar,AIUB_md._navid_bin_anwar
md. nazim hasan,AIUB_md._nazim_hasan
md. nazmul hossain,AIUB_md._nazmul_hossain
md. nizamuddinabsayed ul alamshiblyarasimovalicsaiful islamamd. motiur rahamanmazumderamd. saidulislamam. jasimuddindeoguzgulserencermanbengub,AIUB_md._nizamuddinabsayed_ul_alamshiblyarasimovalicsaiful_islamamd._motiur_rahamanmazumderamd._saidulislamam._jasimuddindeoguzgulserencermanbengub
md. nozib ud dowla,AIUB_md._nozib_ud_dowla
md. numobi rashed,AIUB_md._numobi_rashed
md. nur alam,AIUB_md._nur_alam
md. nurnobi rashed,AIUB_md._nurnobi_rashed
md. omar faruq dehan,AIUB_md._omar_faruq_dehan
md. r. islam,AIUB_md._r._islam
md. rabiul auwul,AIUB_md._rabiul_auwul
md. rafiqul islam,AIUB_md._rafiqul_islam
md. rakibul islam,AIUB_md._rakibul_islam
md. rashedul,AIUB_md._rashedul
md. rashedul islam,AIUB_md._rashedul_islam
md. ratan rana,AIUB_md._ratan_rana
md. reazul,AIUB_md._reazul
md. reazul islam,AIUB_md._reazul_islam
md. ridoy sarkar,AIUB_md._ridoy_sarkar
md. rifat,AIUB_md._rifat
md. roni islam,AIUB_md._roni_islam
md. s. h.,AIUB_md._s._h.
md. saef ullah miah,AIUB_md._saef_ullah_miah
md. saidul islam,AIUB_md._saidul_islam
md. saidur rahman & md. rezaul karim,AIUB_md._saidur_rahman_&_md._rezaul_karim
md. saiful,AIUB_md._saiful
md. saifur rahman,AIUB_md._saifur_rahman
md. sajjad,AIUB_md._sajjad
md. sajjadur rahman sohel,AIUB_md._sajjadur_rahman_sohel
md. sakir hossain,AIUB_md._sakir_hossain
md. samiul alam,AIUB_md._samiul_alam
md. saniat rahman zishan,AIUB_md._saniat_rahman_zishan
md. sarowar hossain,AIUB_md._sarowar_hossain
md. sarowar hossain and k mølhave,AIUB_md._sarowar_hossain_and_k_mølhave
md. sazzad hossain,AIUB_md._sazzad_hossain
md. sazzad hossain3,AIUB_md._sazzad_hossain3
md. serajul,AIUB_md._serajul
md. serajul islam,AIUB_md._serajul_islam
md. shahidul islam and saikat majumder,AIUB_md._shahidul_islam_and_saikat_majumder
md. shahidul islam leaon,AIUB_md._shahidul_islam_leaon
md. shahjahan ali,AIUB_md._shahjahan_ali
md. shahjaman,AIUB_md._shahjaman
md. shamim hasan,AIUB_md._shamim_hasan
md. shamsur rahim,AIUB_md._shamsur_rahim
md. shazzad hossain,AIUB_md._shazzad_hossain
md. sheikh saddi,AIUB_md._sheikh_saddi
md. shohag hossain reyad,AIUB_md._shohag_hossain_reyad
md. shohag hossain2,AIUB_md._shohag_hossain2
md. siddikur rahman,AIUB_md._siddikur_rahman
md. siyamul islam,AIUB_md._siyamul_islam
md. sohidul islam,AIUB_md._sohidul_islam
md. sohidul islam and borshan sarker,AIUB_md._sohidul_islam_and_borshan_sarker
md. soriful islam,AIUB_md._soriful_islam
md. sydur rahman,AIUB_md._sydur_rahman
md. tamim maula,AIUB_md._tamim_maula
md. tanjimul islam,AIUB_md._tanjimul_islam
md. tanjirul islam,AIUB_md._tanjirul_islam
md. tanvir hasan and mufti mahmud md. shamsul arefin,AIUB_md._tanvir_hasan_and_mufti_mahmud_md._shamsul_arefin
md. tanvir mahtab,AIUB_md._tanvir_mahtab
md. tanvir shahriar,AIUB_md._tanvir_shahriar
md. umor faruk jahangir,AIUB_md._umor_faruk_jahangir
md. yusuf,AIUB_md._yusuf
md.al- amin,AIUB_md.al-_amin
md.ismail hossen,AIUB_md.ismail_hossen
md.m.,AIUB_md.m.
md.m.h.,AIUB_md.m.h.
md.s.,AIUB_md.s.
mehedi hasan,AIUB_mehedi_hasan
mehedi hasan sazzad,AIUB_mehedi_hasan_sazzad
mehedi hasan shuvo,AIUB_mehedi_hasan_shuvo
mehnaz seraj,AIUB_mehnaz_seraj
mejdl safran,AIUB_mejdl_safran
meshal alnasheet6,AIUB_meshal_alnasheet6
methila farzana woishe,AIUB_methila_farzana_woishe
mf basir,AIUB_mf_basir
mf mridha,AIUB_mf_mridha
miao zhang,AIUB_miao_zhang
michael goh,AIUB_michael_goh
michele avanzo,AIUB_michele_avanzo
michinori karikomi1,AIUB_michinori_karikomi1
michio koinuma,AIUB_michio_koinuma
mimun barid,AIUB_mimun_barid
mimun barid and md. manzurul hasan,AIUB_mimun_barid_and_md._manzurul_hasan
mir kaosar ahamed,AIUB_mir_kaosar_ahamed
mir mamun,AIUB_mir_mamun
mishu majumder,AIUB_mishu_majumder
mj uddin,AIUB_mj_uddin
mm hossain,AIUB_mm_hossain
mmspt muhammad sohail,AIUB_mmspt_muhammad_sohail
mn uddin,AIUB_mn_uddin
mni khan,AIUB_mni_khan
mohaimen- bin- noor,AIUB_mohaimen-_bin-_noor
mohaimen-bin-noor,AIUB_mohaimen-bin-noor
mohamad aizi salamat & shahreen kasim,AIUB_mohamad_aizi_salamat_&_shahreen_kasim
mohamamd rabiul islam5,AIUB_mohamamd_rabiul_islam5
mohammad,AIUB_mohammad
mohammad a. haque,AIUB_mohammad_a._haque
mohammad a. yousuf,AIUB_mohammad_a._yousuf
mohammad abdul hoque,AIUB_mohammad_abdul_hoque
mohammad abdur rob,AIUB_mohammad_abdur_rob
mohammad abu taher,AIUB_mohammad_abu_taher
mohammad alahmad1,AIUB_mohammad_alahmad1
mohammad ali moni,AIUB_mohammad_ali_moni
mohammad aminul islam,AIUB_mohammad_aminul_islam
mohammad arifur rahman,AIUB_mohammad_arifur_rahman
mohammad fahim khan,AIUB_mohammad_fahim_khan
mohammad fahim shahriar,AIUB_mohammad_fahim_shahriar
mohammad faisal uddin,AIUB_mohammad_faisal_uddin
mohammad fazle rabbi,AIUB_mohammad_fazle_rabbi
mohammad ferdows; abid hossain; m.j uddin; fahiza tabassum mim; shuyu sun,AIUB_mohammad_ferdows;_abid_hossain;_m.j_uddin;_fahiza_tabassum_mim;_shuyu_sun
mohammad hassan,AIUB_mohammad_hassan
mohammad hossain shariare,AIUB_mohammad_hossain_shariare
mohammad imrul jubair,AIUB_mohammad_imrul_jubair
mohammad khairul islam,AIUB_mohammad_khairul_islam
mohammad m. islam,AIUB_mohammad_m._islam
mohammad mahbub rabbani,AIUB_mohammad_mahbub_rabbani
mohammad mahmudul hasan,AIUB_mohammad_mahmudul_hasan
mohammad mobarak hossen,AIUB_mohammad_mobarak_hossen
mohammad nazim mia,AIUB_mohammad_nazim_mia
mohammad nazir hossain3 *,AIUB_mohammad_nazir_hossain3_*
mohammad nur-e-alam,AIUB_mohammad_nur-e-alam
mohammad nurul haque,AIUB_mohammad_nurul_haque
mohammad rabiul islam,AIUB_mohammad_rabiul_islam
mohammad rabiul islam1,AIUB_mohammad_rabiul_islam1
mohammad razaul karim,AIUB_mohammad_razaul_karim
mohammad ruhani rabbi,AIUB_mohammad_ruhani_rabbi
mohammad sakib islam mazumder,AIUB_mohammad_sakib_islam_mazumder
mohammad samawat ullah,AIUB_mohammad_samawat_ullah
mohammad shahadat hossain,AIUB_mohammad_shahadat_hossain
mohammad shamsuddin ahmed,AIUB_mohammad_shamsuddin_ahmed
mohammad shidujaman,AIUB_mohammad_shidujaman
mohammad shoeb,AIUB_mohammad_shoeb
mohammad shorif uddin,AIUB_mohammad_shorif_uddin
mohammad sojon beg,AIUB_mohammad_sojon_beg
mohammad tariqul islam,AIUB_mohammad_tariqul_islam
mohammad tariqul islam & md. a. r. jamil,AIUB_mohammad_tariqul_islam_&_md._a._r._jamil
mohammed abdul basith,AIUB_mohammed_abdul_basith
mohammed alatiyyah,AIUB_mohammed_alatiyyah
mohammed almijalli,AIUB_mohammed_almijalli
mohammed eunus ali,AIUB_mohammed_eunus_ali
mohammed j. uddin,AIUB_mohammed_j._uddin
mohammed jashim uddin,AIUB_mohammed_jashim_uddin
mohammed kaosar mohammad nuruzzaman bhuiyan,AIUB_mohammed_kaosar_mohammad_nuruzzaman_bhuiyan
mohammed m. rahman,AIUB_mohammed_m._rahman
mohammed mostafizur rahman,AIUB_mohammed_mostafizur_rahman
mohammed nawshar ali khan nabil,AIUB_mohammed_nawshar_ali_khan_nabil
mohammed shaheen alam jony,AIUB_mohammed_shaheen_alam_jony
mohd farhan md. fudzee,AIUB_mohd_farhan_md._fudzee
mohi uddin anondo 2,AIUB_mohi_uddin_anondo_2
mohsin kazi,AIUB_mohsin_kazi
mokhi maan siddiqui,AIUB_mokhi_maan_siddiqui
molla rashied hussain and jugal krishna das,AIUB_molla_rashied_hussain_and_jugal_krishna_das
molla rashied hussein,AIUB_molla_rashied_hussein
mona m. jamjoom,AIUB_mona_m._jamjoom
monowar,AIUB_monowar
montasir rahman mahin,AIUB_montasir_rahman_mahin
most. nadia tamanna,AIUB_most._nadia_tamanna
mostafa a. diab,AIUB_mostafa_a._diab
mostafa kamal masud,AIUB_mostafa_kamal_masud
mostafa rasel,AIUB_mostafa_rasel
mosumi mitra,AIUB_mosumi_mitra
moushumi zaman bonny,AIUB_moushumi_zaman_bonny
mr. mehedi hasan,AIUB_mr._mehedi_hasan
mridha,AIUB_mridha
mridha d. f.,AIUB_mridha_d._f.
mridha mf,AIUB_mridha_mf
mrinal chandra barman,AIUB_mrinal_chandra_barman
mrinmoy karmokar,AIUB_mrinmoy_karmokar
ms bhuyan,AIUB_ms_bhuyan
mst hasina begum1,AIUB_mst_hasina_begum1
mst. ummay sumaya,AIUB_mst._ummay_sumaya
mst. yeasmin ara,AIUB_mst._yeasmin_ara
mubashir qayyum,AIUB_mubashir_qayyum
mufrad mustavi,AIUB_mufrad_mustavi
mufti mahmud,AIUB_mufti_mahmud
muhammad al amin rifat and mahdi h. miraz,AIUB_muhammad_al_amin_rifat_and_mahdi_h._miraz
muhammad f mridha,AIUB_muhammad_f_mridha
muhammad f. mridha,AIUB_muhammad_f._mridha
muhammad f. mridha and jugal krishna das,AIUB_muhammad_f._mridha_and_jugal_krishna_das
muhammad firoz mridha,AIUB_muhammad_firoz_mridha
muhammad h. alfaruqi†‡,AIUB_muhammad_h._alfaruqi†‡
muhammad hilmy alfaruqi,AIUB_muhammad_hilmy_alfaruqi
muhammad hilmyalfaruqi1saifulislam1jinjusongsungjinkimduong tungphamjeonggeunjoseokhunkimjoseph paulbaboodimas yuniantoputrovinodmathewjaekookkim,AIUB_muhammad_hilmyalfaruqi1saifulislam1jinjusongsungjinkimduong_tungphamjeonggeunjoseokhunkimjoseph_paulbaboodimas_yuniantoputrovinodmathewjaekookkim
muhammad hilmyalfaruqi1saifulislam1vinodmathewjinjusongsungjinkimduong phamtungjeonggeunjoseokhunkimjoseph paulbaboozhiliangxiujaekookkim,AIUB_muhammad_hilmyalfaruqi1saifulislam1vinodmathewjinjusongsungjinkimduong_phamtungjeonggeunjoseokhunkimjoseph_paulbaboozhiliangxiujaekookkim
muhammad hilmyalfaruqiabsaifulislamadimas yuniantoputroavinodmathewasungjinkimajeonggeunjoaseokhunkimayang-kooksunckwanghokimdejaekookkima,AIUB_muhammad_hilmyalfaruqiabsaifulislamadimas_yuniantoputroavinodmathewasungjinkimajeonggeunjoaseokhunkimayang-kooksunckwanghokimdejaekookkima
muhammad m.,AIUB_muhammad_m.
muhammad m. kabir,AIUB_muhammad_m._kabir
muhammad mahfuz hasan,AIUB_muhammad_mahfuz_hasan
muhammad mohsin,AIUB_muhammad_mohsin
muhammad mohsin kabir,AIUB_muhammad_mohsin_kabir
muhammad mostafa monowar,AIUB_muhammad_mostafa_monowar
muhammad mostafa monowar *,AIUB_muhammad_mostafa_monowar_*
muhammad mostafa monowar and madini o. alassafi,AIUB_muhammad_mostafa_monowar_and_madini_o._alassafi
muhammad nazrul islam,AIUB_muhammad_nazrul_islam
muhammad rabiul. islam 1*,AIUB_muhammad_rabiul._islam_1*
muhammad sajjad hossain,AIUB_muhammad_sajjad_hossain
muhammad sarwar jahan morshed,AIUB_muhammad_sarwar_jahan_morshed
muhammad sohail,AIUB_muhammad_sohail
muhammad yusri ismail,AIUB_muhammad_yusri_ismail
muhammadfiroz mridha,AIUB_muhammadfiroz_mridha
muhidul islam khan,AIUB_muhidul_islam_khan
mujahid iqbal,AIUB_mujahid_iqbal
mukter zaman,AIUB_mukter_zaman
munaly akter,AIUB_munaly_akter
munzirul alom,AIUB_munzirul_alom
murshed ahmed ovi,AIUB_murshed_ahmed_ovi
musaddiq al karim,AIUB_musaddiq_al_karim
mushfiq ahmad,AIUB_mushfiq_ahmad
mustafizur rahman,AIUB_mustafizur_rahman
mustak un nobi,AIUB_mustak_un_nobi
mustak un nobi m,AIUB_mustak_un_nobi_m
myesha samia,AIUB_myesha_samia
n a nabila,AIUB_n_a_nabila
n.,AIUB_n.
n. a.,AIUB_n._a.
n. asai and j. shin,AIUB_n._asai_and_j._shin
n. j. shammey,AIUB_n._j._shammey
n. k. paul,AIUB_n._k._paul
n. parveen,AIUB_n._parveen
n. sultana,AIUB_n._sultana
n.a. rahim,AIUB_n.a._rahim
n.c. roy,AIUB_n.c._roy
n.c.roy,AIUB_n.c.roy
n.s.m.p. latha devi,AIUB_n.s.m.p._latha_devi
na amirsom,AIUB_na_amirsom
nadia afrin ritu,AIUB_nadia_afrin_ritu
nadia akter mokta,AIUB_nadia_akter_mokta
nafiz fahad,AIUB_nafiz_fahad
nagender aneja,AIUB_nagender_aneja
nahid hasan,AIUB_nahid_hasan
naima hassan,AIUB_naima_hassan
naofumi naga and tamaki nakano,AIUB_naofumi_naga_and_tamaki_nakano
naseer k. a,AIUB_naseer_k._a
nashid kamal md.,AIUB_nashid_kamal_md.
nasim ahmed,AIUB_nasim_ahmed
nayeem hasan moon,AIUB_nayeem_hasan_moon
nazia hossain,AIUB_nazia_hossain
nazia khatun and m. s. i. sarker,AIUB_nazia_khatun_and_m._s._i._sarker
nazia majadi,AIUB_nazia_majadi
nazia tafannum,AIUB_nazia_tafannum
nazim uddin,AIUB_nazim_uddin
nazma parveen,AIUB_nazma_parveen
nc bhoumik,AIUB_nc_bhoumik
nick rahimi,AIUB_nick_rahimi
nila sultana,AIUB_nila_sultana
niloy kanti paul,AIUB_niloy_kanti_paul
niloy roy,AIUB_niloy_roy
nilufar nahar,AIUB_nilufar_nahar
nilufar nahar & jae-han shim,AIUB_nilufar_nahar_&_jae-han_shim
nilufar yesmin,AIUB_nilufar_yesmin
nishat tasnim khan,AIUB_nishat_tasnim_khan
nizam uddin ahamed,AIUB_nizam_uddin_ahamed
nobuhiro,AIUB_nobuhiro
nobuhiro ohta,AIUB_nobuhiro_ohta
noorhozaimi mohd. nur,AIUB_noorhozaimi_mohd._nur
noorhuzaimi mohd noor,AIUB_noorhuzaimi_mohd_noor
norihiro kato1,AIUB_norihiro_kato1
nujhat tabassum safa,AIUB_nujhat_tabassum_safa
nurakmal ahmad mustaffa,AIUB_nurakmal_ahmad_mustaffa
nure alam chowdhury,AIUB_nure_alam_chowdhury
nurul absar,AIUB_nurul_absar
nurul akter towhid,AIUB_nurul_akter_towhid
nurun nahar rabin,AIUB_nurun_nahar_rabin
nusra jahan anannya,AIUB_nusra_jahan_anannya
nusrat haque supti,AIUB_nusrat_haque_supti
nusrat jahan,AIUB_nusrat_jahan
nusrat jahan anannya,AIUB_nusrat_jahan_anannya
nusrat jahan anannya and md mehedi hasan,AIUB_nusrat_jahan_anannya_and_md_mehedi_hasan
nusrat songita khan,AIUB_nusrat_songita_khan
nuzhat tabassum,AIUB_nuzhat_tabassum
nyme ahmed,AIUB_nyme_ahmed
o anwar bég.,AIUB_o_anwar_bég.
o. a bég,AIUB_o._a_bég
o. k. pal,AIUB_o._k._pal
oa beg,AIUB_oa_beg
oa bég,AIUB_oa_bég
ohi,AIUB_ohi
ohta,AIUB_ohta
oishi khanam,AIUB_oishi_khanam
olmos,AIUB_olmos
omar altwijri,AIUB_omar_altwijri
onik,AIUB_onik
orcid logo a muhammad hilmy alfaruqi,AIUB_orcid_logo_a_muhammad_hilmy_alfaruqi
orcid logo ab balaji sambandam,AIUB_orcid_logo_ab_balaji_sambandam
orcid logo ab saiful islam,AIUB_orcid_logo_ab_saiful_islam
orcid logo ‡a vinod mathew,AIUB_orcid_logo_‡a_vinod_mathew
osman anwar,AIUB_osman_anwar
p thounthong,AIUB_p_thounthong
p.,AIUB_p.
p. k. mukhopadhyay,AIUB_p._k._mukhopadhyay
p.k. mukhopadhyay,AIUB_p.k._mukhopadhyay
partha sutradhar,AIUB_partha_sutradhar
parveen arora,AIUB_parveen_arora
paul j. low,AIUB_paul_j._low
peng xiao,AIUB_peng_xiao
peri loucopoulos,AIUB_peri_loucopoulos
pg emeroylariffion abas,AIUB_pg_emeroylariffion_abas
pinto,AIUB_pinto
positive planar,AIUB_positive_planar
pradipta chakraborty,AIUB_pradipta_chakraborty
prantika biswas sneha and wardah saleh,AIUB_prantika_biswas_sneha_and_wardah_saleh
prashasti singh,AIUB_prashasti_singh
pratip k. mukhopadhyay,AIUB_pratip_k._mukhopadhyay
prattoy majumder,AIUB_prattoy_majumder
pritam khan boni,AIUB_pritam_khan_boni
prodeep,AIUB_prodeep
prodip kumar ghose,AIUB_prodip_kumar_ghose
prof. dr. dip nandi,AIUB_prof._dr._dip_nandi
prof. dr. imad fakhri al-shaikhli,AIUB_prof._dr._imad_fakhri_al-shaikhli
prof. dr. kh. abdul maleque,AIUB_prof._dr._kh._abdul_maleque
prof. dr. md. rafiqul islam,AIUB_prof._dr._md._rafiqul_islam
prof. jaekook kim,AIUB_prof._jaekook_kim
prof. kwangho kim,AIUB_prof._kwangho_kim
prof. yang-kook sun,AIUB_prof._yang-kook_sun
prosenjit kumer tarefder,AIUB_prosenjit_kumer_tarefder
pulok sarker,AIUB_pulok_sarker
putul,AIUB_putul
r.,AIUB_r.
r. a.,AIUB_r._a.
r. karim,AIUB_r._karim
r. mustafa,AIUB_r._mustafa
r. rashid,AIUB_r._rashid
r.k. bhowmik,AIUB_r.k._bhowmik
r.p. sharma,AIUB_r.p._sharma
r.s.r. gorla,AIUB_r.s.r._gorla
r: shahriar fahim,AIUB_r:_shahriar_fahim
rafeed mohammad,AIUB_rafeed_mohammad
rafid mostafiz,AIUB_rafid_mostafiz
rafid mustafa,AIUB_rafid_mustafa
rahim,AIUB_rahim
rahima khatun,AIUB_rahima_khatun
rahman mohammod hafizur,AIUB_rahman_mohammod_hafizur
rahman sharar,AIUB_rahman_sharar
rahnuma shahrin rista,AIUB_rahnuma_shahrin_rista
rahul biswas,AIUB_rahul_biswas
raihan uddin ahmed,AIUB_raihan_uddin_ahmed
rajarshi roy chowdhury,AIUB_rajarshi_roy_chowdhury
rakib ul haque,AIUB_rakib_ul_haque
rakin s. aftab,AIUB_rakin_s._aftab
ram janay choudhary,AIUB_ram_janay_choudhary
ramesh chandra poonia,AIUB_ramesh_chandra_poonia
rasel ahmed,AIUB_rasel_ahmed
rasel iqbal emon,AIUB_rasel_iqbal_emon
rashed mustafa,AIUB_rashed_mustafa
rashidul hasan nabil,AIUB_rashidul_hasan_nabil
razif razali,AIUB_razif_razali
razuan karim,AIUB_razuan_karim
rehana parvin,AIUB_rehana_parvin
rehena parveen,AIUB_rehena_parveen
republic of korea more by vinod mathew,AIUB_republic_of_korea_more_by_vinod_mathew
rezwan ahmed,AIUB_rezwan_ahmed
riashat islam,AIUB_riashat_islam
riaz,AIUB_riaz
rifat al mamun rudro,AIUB_rifat_al_mamun_rudro
rifat ibn alam; md. golam ahsan akib; nyme ahmed; syed nafiul shefat; dip nandi,AIUB_rifat_ibn_alam;_md._golam_ahsan_akib;_nyme_ahmed;_syed_nafiul_shefat;_dip_nandi
rifat m,AIUB_rifat_m
rifat tasnim anannya,AIUB_rifat_tasnim_anannya
rifat-ibn alam,AIUB_rifat-ibn_alam
rifat-ibn-alam,AIUB_rifat-ibn-alam
rifath mahmud,AIUB_rifath_mahmud
rimi rashid,AIUB_rimi_rashid
ritu basak,AIUB_ritu_basak
rizal bin mohd nor3,AIUB_rizal_bin_mohd_nor3
rizal mohd nor and afidalina,AIUB_rizal_mohd_nor_and_afidalina
roberto bortolus,AIUB_roberto_bortolus
roushanara begum,AIUB_roushanara_begum
rubaiya khondoker shikha,AIUB_rubaiya_khondoker_shikha
rubayat shusmita khan,AIUB_rubayat_shusmita_khan
rubayyat mahbub,AIUB_rubayyat_mahbub
rubel anwar,AIUB_rubel_anwar
rubina islam reya,AIUB_rubina_islam_reya
rubiyet fardous,AIUB_rubiyet_fardous
rubyet hossain,AIUB_rubyet_hossain
rukaiya jahan sajuti,AIUB_rukaiya_jahan_sajuti
rukaiya jahan sajuti mahfujur rahman,AIUB_rukaiya_jahan_sajuti_mahfujur_rahman
rupika,AIUB_rupika
rutaba jania,AIUB_rutaba_jania
ryo ohtani,AIUB_ryo_ohtani
s,AIUB_s
s a m manzur hossain khan,AIUB_s_a_m_manzur_hossain_khan
s a tarek,AIUB_s_a_tarek
s a tarek2,AIUB_s_a_tarek2
s akter,AIUB_s_akter
s b faruque,AIUB_s_b_faruque
s b faruque1,AIUB_s_b_faruque1
s jahan,AIUB_s_jahan
s m abdullah shafi,AIUB_s_m_abdullah_shafi
s m hasan mahmud,AIUB_s_m_hasan_mahmud
s m hasibul hoque,AIUB_s_m_hasibul_hoque
s m rahid haque,AIUB_s_m_rahid_haque
s m s al din,AIUB_s_m_s_al_din
s m s al-din4,AIUB_s_m_s_al-din4
s m sharafuddin,AIUB_s_m_sharafuddin
s sathasivam.,AIUB_s_sathasivam.
s.,AIUB_s.
s. a.,AIUB_s._a.
s. a. and hossain,AIUB_s._a._and_hossain
s. a. tarek,AIUB_s._a._tarek
s. alfarhood,AIUB_s._alfarhood
s. angappane,AIUB_s._angappane
s. b. faruque,AIUB_s._b._faruque
s. c. paul,AIUB_s._c._paul
s. choudhury,AIUB_s._choudhury
s. faraezi,AIUB_s._faraezi
s. ghimire,AIUB_s._ghimire
s. i. liba,AIUB_s._i._liba
s. islam,AIUB_s._islam
s. j. ahned,AIUB_s._j._ahned
s. j. mozumder,AIUB_s._j._mozumder
s. jahan,AIUB_s._jahan
s. khadka and m. f. mridha,AIUB_s._khadka_and_m._f._mridha
s. m. a. hakim siddiki,AIUB_s._m._a._hakim_siddiki
s. m. a. hakim siddikib,AIUB_s._m._a._hakim_siddikib
s. m. abdullah shafi,AIUB_s._m._abdullah_shafi
s. m. h. mahmud and a. k. bairagi,AIUB_s._m._h._mahmud_and_a._k._bairagi
s. m. hasan mahmud,AIUB_s._m._hasan_mahmud
s. m. hoque,AIUB_s._m._hoque
s. m. nasim azad,AIUB_s._m._nasim_azad
s. m. sharafuddin,AIUB_s._m._sharafuddin
s. masud,AIUB_s._masud
s. md.,AIUB_s._md.
s. mosaddeq ahmed,AIUB_s._mosaddeq_ahmed
s. oh,AIUB_s._oh
s. parvin,AIUB_s._parvin
s. roy,AIUB_s._roy
s. s. billah,AIUB_s._s._billah
s. s. sikder,AIUB_s._s._sikder
s. siddiqa,AIUB_s._siddiqa
s. sultana,AIUB_s._sultana
s.; saif,AIUB_s.;_saif
s.a. hossain,AIUB_s.a._hossain
s.b.; hasan,AIUB_s.b.;_hasan
s.d. shawon,AIUB_s.d._shawon
s.h. naqib,AIUB_s.h._naqib
s.k.,AIUB_s.k.
s.k. das,AIUB_s.k._das
s.m. abdur bhuiyan rouf,AIUB_s.m._abdur_bhuiyan_rouf
s.m. nasim azad,AIUB_s.m._nasim_azad
s.m.a. hakim siddiki,AIUB_s.m.a._hakim_siddiki
s.m.a. nayem,AIUB_s.m.a._nayem
s.m.a.hakim siddiki,AIUB_s.m.a.hakim_siddiki
s.m.enamul hoque yousuf,AIUB_s.m.enamul_hoque_yousuf
s.m.h. mahmud,AIUB_s.m.h._mahmud
s.s. shah,AIUB_s.s._shah
s.s. sikder,AIUB_s.s._sikder
sabbir,AIUB_sabbir
sabbir ahmed,AIUB_sabbir_ahmed
sabbir hossain,AIUB_sabbir_hossain
sabeth,AIUB_sabeth
sabrina kashem chowdhury,AIUB_sabrina_kashem_chowdhury
sadi mohammad,AIUB_sadi_mohammad
sadia noor nosheen,AIUB_sadia_noor_nosheen
saeeda sharmeen rahman,AIUB_saeeda_sharmeen_rahman
safran m,AIUB_safran_m
sagar dutta,AIUB_sagar_dutta
sagar dutta and md. shahjahan ali and angkita mistry tama and md. masud parvez and humayra ferdous and m.a. hakim and md. sarowar hossain,AIUB_sagar_dutta_and_md._shahjahan_ali_and_angkita_mistry_tama_and_md._masud_parvez_and_humayra_ferdous_and_m.a._hakim_and_md._sarowar_hossain
sahara sultana,AIUB_sahara_sultana
saiful azad,AIUB_saiful_azad
saiful islam,AIUB_saiful_islam
saiful islam†,AIUB_saiful_islam†
saifulislammuhammad hilmyalfaruqijinjusongsungjinkimduong tungphamjeonggeunjoseokhunkimvinodmathewjoseph paulbaboozhiliangxiujaekookkim,AIUB_saifulislammuhammad_hilmyalfaruqijinjusongsungjinkimduong_tungphamjeonggeunjoseokhunkimvinodmathewjoseph_paulbaboozhiliangxiujaekookkim
saikat baul,AIUB_saikat_baul
sajeda akter,AIUB_sajeda_akter
sajib hasan,AIUB_sajib_hasan
sajid bin-faisal,AIUB_sajid_bin-faisal
sajjadul bari,AIUB_sajjadul_bari
sajjadul bari and ayesha siddiqua,AIUB_sajjadul_bari_and_ayesha_siddiqua
sakibjamil mahmud,AIUB_sakibjamil_mahmud
sakimul karim adan,AIUB_sakimul_karim_adan
salahuddin haowlader,AIUB_salahuddin_haowlader
salisu tata,AIUB_salisu_tata
salma parvin,AIUB_salma_parvin
sam matiur rahman,AIUB_sam_matiur_rahman
samia iffat,AIUB_samia_iffat
samia yasmin,AIUB_samia_yasmin
samiha hossain,AIUB_samiha_hossain
samir asif,AIUB_samir_asif
samira salam,AIUB_samira_salam
samiur rahman khan,AIUB_samiur_rahman_khan
sandhya aneja,AIUB_sandhya_aneja
sandhya aneja; nagender aneja; bharat bhargava; rajarshi roy chowdhury,AIUB_sandhya_aneja;_nagender_aneja;_bharat_bhargava;_rajarshi_roy_chowdhury
sandip bysakh,AIUB_sandip_bysakh
sanjana f. anny,AIUB_sanjana_f._anny
sankar kumar das,AIUB_sankar_kumar_das
santanu dey,AIUB_santanu_dey
santunu purohit,AIUB_santunu_purohit
saquib ahmed,AIUB_saquib_ahmed
sarker,AIUB_sarker
satoshi kaneco,AIUB_satoshi_kaneco
satoshi. kaneco,AIUB_satoshi._kaneco
saydul akbar murad,AIUB_saydul_akbar_murad
sayed ul alam shibly,AIUB_sayed_ul_alam_shibly
sayeed shafayet chowdhury,AIUB_sayeed_shafayet_chowdhury
sayefa arafah,AIUB_sayefa_arafah
sayma alam suha,AIUB_sayma_alam_suha
sayma alam suha & muhammad nazrul islam,AIUB_sayma_alam_suha_&_muhammad_nazrul_islam
sayma alam suha and m. akhtaruzzaman and tahsina farah sanam,AIUB_sayma_alam_suha_and_m._akhtaruzzaman_and_tahsina_farah_sanam
sayma alam suha and tahsina farah sanam,AIUB_sayma_alam_suha_and_tahsina_farah_sanam
sazzad hossain tasnim,AIUB_sazzad_hossain_tasnim
seokhun kim,AIUB_seokhun_kim
seokhun kim†,AIUB_seokhun_kim†
seulgi lee,AIUB_seulgi_lee
seunggyeong lee,AIUB_seunggyeong_lee
seungmin oh,AIUB_seungmin_oh
shafin talukder,AIUB_shafin_talukder
shafiullah niazai,AIUB_shafiullah_niazai
shahadat hossain,AIUB_shahadat_hossain
shahadat hossain & md. manzurul hasan,AIUB_shahadat_hossain_&_md._manzurul_hasan
shahadat hossain and md. manzurul hasan,AIUB_shahadat_hossain_and_md._manzurul_hasan
shaheena sultana,AIUB_shaheena_sultana
shahid uddin fahim,AIUB_shahid_uddin_fahim
shahnaj parvin,AIUB_shahnaj_parvin
shahriar atik fahim,AIUB_shahriar_atik_fahim
shahrin chowdhury,AIUB_shahrin_chowdhury
shaikat das joy,AIUB_shaikat_das_joy
shaila afrin,AIUB_shaila_afrin
shaily sarker,AIUB_shaily_sarker
shaira tashnub torsa,AIUB_shaira_tashnub_torsa
shakhawat h. firoz,AIUB_shakhawat_h._firoz
shakila rahman,AIUB_shakila_rahman
shalini puri,AIUB_shalini_puri
shamim h ripon,AIUB_shamim_h_ripon
shamim ripon,AIUB_shamim_ripon
shammi akhtar and jugal krishna das,AIUB_shammi_akhtar_and_jugal_krishna_das
shams forruque ahmed,AIUB_shams_forruque_ahmed
shanjidah akhter,AIUB_shanjidah_akhter
shanto kumar saha,AIUB_shanto_kumar_saha
shanzida islam2,AIUB_shanzida_islam2
shaon hossain sani,AIUB_shaon_hossain_sani
shapla akter,AIUB_shapla_akter
sharfuddin mahmood,AIUB_sharfuddin_mahmood
sharifa rania mahmud,AIUB_sharifa_rania_mahmud
sharmin islam,AIUB_sharmin_islam
sharmin jahan,AIUB_sharmin_jahan
sharmin s. poly,AIUB_sharmin_s._poly
sharmin sultana poly,AIUB_sharmin_sultana_poly
sheekar banerjee,AIUB_sheekar_banerjee
sheikh aysha khatun,AIUB_sheikh_aysha_khatun
shethil ahammed,AIUB_shethil_ahammed
shin,AIUB_shin
shinya hayami,AIUB_shinya_hayami
shohag barman,AIUB_shohag_barman
shovan kumar kundu,AIUB_shovan_kumar_kundu
shovan kumar kundu & soumen basu,AIUB_shovan_kumar_kundu_&_soumen_basu
shovon,AIUB_shovon
shovra das,AIUB_shovra_das
shrabonti mitra,AIUB_shrabonti_mitra
shunsaku yasumura,AIUB_shunsaku_yasumura
shuo feng,AIUB_shuo_feng
shusmita islam,AIUB_shusmita_islam
shuvo,AIUB_shuvo
shuvo biswas,AIUB_shuvo_biswas
shuvra aditya,AIUB_shuvra_aditya
shuvra smaran das,AIUB_shuvra_smaran_das
siam bin shawkat,AIUB_siam_bin_shawkat
sifat rahman ahona,AIUB_sifat_rahman_ahona
singh,AIUB_singh
singhal,AIUB_singhal
sk. tasnim bari ira,AIUB_sk._tasnim_bari_ira
sm hasan mahmud,AIUB_sm_hasan_mahmud
sm katibur rahman,AIUB_sm_katibur_rahman
sm muyeen,AIUB_sm_muyeen
snigdho dip howlader,AIUB_snigdho_dip_howlader
sohrab hossain,AIUB_sohrab_hossain
sohyun park,AIUB_sohyun_park
solanki,AIUB_solanki
sony ahmed,AIUB_sony_ahmed
soo young shin,AIUB_soo_young_shin
soumen basu,AIUB_soumen_basu
sourav gupta ananda,AIUB_sourav_gupta_ananda
south korea more by vaiyapuri soundharrajan,AIUB_south_korea_more_by_vaiyapuri_soundharrajan
sristy shidul nath,AIUB_sristy_shidul_nath
sristy shidul nath and mahdi h. mirazand mahdi h. miraz,AIUB_sristy_shidul_nath_and_mahdi_h._mirazand_mahdi_h._miraz
suben kumer saha,AIUB_suben_kumer_saha
subir roy,AIUB_subir_roy
subrata banik,AIUB_subrata_banik
subrata das,AIUB_subrata_das
sujeendran menon,AIUB_sujeendran_menon
sujit bhattacharya,AIUB_sujit_bhattacharya
sujoy c. das,AIUB_sujoy_c._das
sujoy chandra das,AIUB_sujoy_chandra_das
sukumar senthilkumar,AIUB_sukumar_senthilkumar
sultan abu saleh mahmud1,AIUB_sultan_abu_saleh_mahmud1
sultan alfarhood,AIUB_sultan_alfarhood
sultan alfarhood & m. f. mridha,AIUB_sultan_alfarhood_&_m._f._mridha
sultan alfarhood and mejdl safran,AIUB_sultan_alfarhood_and_mejdl_safran
sultanul arifeen hamim,AIUB_sultanul_arifeen_hamim
sumaita binte shorif,AIUB_sumaita_binte_shorif
sumaiya,AIUB_sumaiya
sumaiya ashreen,AIUB_sumaiya_ashreen
sumaiya rahman eva,AIUB_sumaiya_rahman_eva
sumaiya sultana,AIUB_sumaiya_sultana
suman saha,AIUB_suman_saha
suman sarka,AIUB_suman_sarka
sumaya mahbub,AIUB_sumaya_mahbub
sumi akter,AIUB_sumi_akter
sumya sultana meem,AIUB_sumya_sultana_meem
sungjin kim,AIUB_sungjin_kim
sungjin kim†,AIUB_sungjin_kim†
sungoh kwon,AIUB_sungoh_kwon
suravi islam,AIUB_suravi_islam
suresh kumar singh,AIUB_suresh_kumar_singh
susenjit sarkar,AIUB_susenjit_sarkar
sushanta acharjee,AIUB_sushanta_acharjee
syed fahin ahmed,AIUB_syed_fahin_ahmed
syed inayat ali shah,AIUB_syed_inayat_ali_shah
syed ishteaque ahmed,AIUB_syed_ishteaque_ahmed
syed jamal ahmed,AIUB_syed_jamal_ahmed
syed nafiul shefat,AIUB_syed_nafiul_shefat
syeda anika tasnim,AIUB_syeda_anika_tasnim
syma kamal chaity,AIUB_syma_kamal_chaity
t.,AIUB_t.
t. a. bhuiyan,AIUB_t._a._bhuiyan
t. ahmed,AIUB_t._ahmed
t. akter,AIUB_t._akter
t. b. shams,AIUB_t._b._shams
t. islam,AIUB_t._islam
t. naveen reddy,AIUB_t._naveen_reddy
t. rahman,AIUB_t._rahman
t. s. khaleque*,AIUB_t._s._khaleque*
tadashi,AIUB_tadashi
tahseen asma meem,AIUB_tahseen_asma_meem
taimur ahad,AIUB_taimur_ahad
taiyaba shadaka rafa,AIUB_taiyaba_shadaka_rafa
tajnin rahman,AIUB_tajnin_rahman
takaaki sato2,AIUB_takaaki_sato2
takashi toyao,AIUB_takashi_toyao
talha bin sarwar,AIUB_talha_bin_sarwar
tamanna zaman bristy,AIUB_tamanna_zaman_bristy
tania rahman,AIUB_tania_rahman
tanjim mahmud rakin,AIUB_tanjim_mahmud_rakin
tanjim siddiqua,AIUB_tanjim_siddiqua
tanmoy ghosh,AIUB_tanmoy_ghosh
tanmoy kumar ghosh,AIUB_tanmoy_kumar_ghosh
tanu shree roy and a a mamun,AIUB_tanu_shree_roy_and_a_a_mamun
tanveer ahmed bhuiyan,AIUB_tanveer_ahmed_bhuiyan
tanvir ahmed,AIUB_tanvir_ahmed
tanvir noor baig and k. siddique-e rabbani,AIUB_tanvir_noor_baig_and_k._siddique-e_rabbani
tanweer hussain,AIUB_tanweer_hussain
tanzia zerin khan; salma parvin,AIUB_tanzia_zerin_khan;_salma_parvin
tanzila hasan,AIUB_tanzila_hasan
tanzila mehenaz,AIUB_tanzila_mehenaz
tanzin sultana,AIUB_tanzin_sultana
tarikul islam,AIUB_tarikul_islam
tasfia farah,AIUB_tasfia_farah
tashmiah tamzid anannya,AIUB_tashmiah_tamzid_anannya
tasmia sa and hossain mg. 2023.,AIUB_tasmia_sa_and_hossain_mg._2023.
tasnim rahman,AIUB_tasnim_rahman
tasnuva ferdous2,AIUB_tasnuva_ferdous2
tasriva sikandar,AIUB_tasriva_sikandar
tasveer bég,AIUB_tasveer_bég
tateishi,AIUB_tateishi
tee connie,AIUB_tee_connie
teta stamati,AIUB_teta_stamati
tofayet sultan,AIUB_tofayet_sultan
tohedul islam,AIUB_tohedul_islam
tonima mustafa,AIUB_tonima_mustafa
tonima mustafa1*,AIUB_tonima_mustafa1*
tonny shekha kar,AIUB_tonny_shekha_kar
toshifumi iimori,AIUB_toshifumi_iimori
toufiq ahmed tanna1,AIUB_toufiq_ahmed_tanna1
touhid bhuiyan,AIUB_touhid_bhuiyan
trishna roy1,AIUB_trishna_roy1
tumian mohammad rabiul islam∗,AIUB_tumian_mohammad_rabiul_islam∗
tusar das,AIUB_tusar_das
tusar saha,AIUB_tusar_saha
tushar biswas,AIUB_tushar_biswas
u ali,AIUB_u_ali
u.,AIUB_u.
uddin,AIUB_uddin
uddin shihab,AIUB_uddin_shihab
uma chakraborty,AIUB_uma_chakraborty
umair ali,AIUB_umair_ali
ummay ayesha,AIUB_ummay_ayesha
umme marzia haque,AIUB_umme_marzia_haque
utshab das,AIUB_utshab_das
v.k.,AIUB_v.k.
vaibhav bhatnagar,AIUB_vaibhav_bhatnagar
vaiyapuri soundharrajan,AIUB_vaiyapuri_soundharrajan
vaiyapuri soundharrajanvaiyapuri soundharrajan department of materials science and engineering,AIUB_vaiyapuri_soundharrajanvaiyapuri_soundharrajan_department_of_materials_science_and_engineering
vaiyapurisoundharrajan,AIUB_vaiyapurisoundharrajan
victor stany rozario,AIUB_victor_stany_rozario
vijayakumar varadarajan4,AIUB_vijayakumar_varadarajan4
vinod mathew,AIUB_vinod_mathew
vinod mathewvinod mathew department of materials science and engineering,AIUB_vinod_mathewvinod_mathew_department_of_materials_science_and_engineering
vinod mathew†‡,AIUB_vinod_mathew†‡
vivek kumar singh,AIUB_vivek_kumar_singh
vivek mehta,AIUB_vivek_mehta
w al-kouz,AIUB_w_al-kouz
w. a. khan,AIUB_w._a._khan
wa khan,AIUB_wa_khan
wadud,AIUB_wadud
wadud m. a. h.,AIUB_wadud_m._a._h.
wan ming,AIUB_wan_ming
wardah saleh,AIUB_wardah_saleh
wardah saleh and shahrin chowdhury,AIUB_wardah_saleh_and_shahrin_chowdhury
watanobe,AIUB_watanobe
wenyu chen,AIUB_wenyu_chen
william ghann,AIUB_william_ghann
wong hin yong,AIUB_wong_hin_yong
xianghui qi,AIUB_xianghui_qi
xiao gao,AIUB_xiao_gao
xiao yu,AIUB_xiao_yu
y haque,AIUB_y_haque
y haque1 and s m sharafuddin1,AIUB_y_haque1_and_s_m_sharafuddin1
y. hoque,AIUB_y._hoque
y. kim,AIUB_y._kim
yahaya saadu itas,AIUB_yahaya_saadu_itas
yan xiao,AIUB_yan_xiao
yang-kook sun,AIUB_yang-kook_sun
yang-kook sun∥orcid,AIUB_yang-kook_sun∥orcid
yeaminar rashid,AIUB_yeaminar_rashid
yeasmin,AIUB_yeasmin
ym chu,AIUB_ym_chu
yongsheng liu,AIUB_yongsheng_liu
yuan jing,AIUB_yuan_jing
yusuf valentino kaneti,AIUB_yusuf_valentino_kaneti
yutaka,AIUB_yutaka
yutaka watanobe,AIUB_yutaka_watanobe
yutian tang,AIUB_yutian_tang
yuting wang,AIUB_yuting_wang
z. hossain,AIUB_z._hossain
zabir,AIUB_zabir
zabir mohammad,AIUB_zabir_mohammad
zafril rizal m. azmi,AIUB_zafril_rizal_m._azmi
zahan,AIUB_zahan
zahid hasan,AIUB_zahid_hasan
zahid ullah,AIUB_zahid_ullah
zasmin haque,AIUB_zasmin_haque
zeba labiba,AIUB_zeba_labiba
zen maeno,AIUB_zen_maeno
zen maeno and ken-ichi shimizu,AIUB_zen_maeno_and_ken-ichi_shimizu
zerin hasan sahosh,AIUB_zerin_hasan_sahosh
zhen yang,AIUB_zhen_yang
zhiliang xiu†,AIUB_zhiliang_xiu†
zhiyi song,AIUB_zhiyi_song
ø g martinsen and j o høgetveit,AIUB_ø_g_martinsen_and_j_o_høgetveit
‡a muhammad hilmy alfaruqi,AIUB_‡a_muhammad_hilmy_alfaruqi
• nusrat jahan,AIUB_•_nusrat_jahan
∗ n. a. chowdhury,AIUB_∗_n._a._chowdhury
▪ subrata das,AIUB_▪_subrata_das
