Author Name,Author ID
,CU_
A Low Frequency Band Watermarking with Weighted Correction in the Combined Cosine and Wavelet Transform Domain,CU_A_Low_Frequency_Band_Watermarking_with_Weighted_Correction_in_the_Combined_Cosine_and_Wavelet_Transform_Domain
A.,CU_A.
A. Das,CU_A._Das
A. Iqbal,CU_A._Iqbal
A. M. Mahbub,CU_A._M._Mahbub
A. N. M. R. Karim,CU_A._N._M._R._Karim
ASM Kayes,CU_ASM_Kayes
Aapan Mutsuddy,CU_Aapan_Mutsuddy
Abdul Khaleque and M. S. Arefin,CU_Abdul_Khaleque_and_M._S._Arefin
Abdullah As Sami,CU_Abdullah_As_Sami
Ahatesham Bhuiyana,CU_Ahatesham_Bhuiyana
Ahsan Sadee Tanim,CU_Ahsan_Sadee_Tanim
Al-Sakib Khan Pathan,CU_Al-Sakib_Khan_Pathan
Al-Sakib Khan Pathan and Choong Seon Hong,CU_Al-Sakib_Khan_Pathan_and_Choong_Seon_Hong
Alok Kumar Chowdhury,CU_Alok_Kumar_Chowdhury
Andrey Vavilin,CU_Andrey_Vavilin
Andy Vavilin,CU_Andy_Vavilin
Anik Saha,CU_Anik_Saha
Anik Saha and Kaushik Deb,CU_Anik_Saha_and_Kaushik_Deb
Anik Sen,CU_Anik_Sen
Anika Sadia,CU_Anika_Sadia
Animash Kar and Ashraful Huq Suny,CU_Animash_Kar_and_Ashraful_Huq_Suny
Animash Kar and Kaushik Deb,CU_Animash_Kar_and_Kaushik_Deb
Animesh Chandra Roy,CU_Animesh_Chandra_Roy
Anuva Chowdhury,CU_Anuva_Chowdhury
Arafin Mahamud and Asaduzzaman,CU_Arafin_Mahamud_and_Asaduzzaman
Arifa Sultana,CU_Arifa_Sultana
Arpita Chowdhury,CU_Arpita_Chowdhury
Asaduzzaman,CU_Asaduzzaman
Asaduzzaman & Hoque,CU_Asaduzzaman_&_Hoque
Asaduzzaman and D. M. Hasibul Hasan,CU_Asaduzzaman_and_D._M._Hasibul_Hasan
Asaduzzaman and Hyung Yun Kong,CU_Asaduzzaman_and_Hyung_Yun_Kong
Asaduzzaman and Hyung-Yun Kong,CU_Asaduzzaman_and_Hyung-Yun_Kong
Asaduzzaman and I. H. Sarker,CU_Asaduzzaman_and_I._H._Sarker
Asaduzzaman and M. Chowdhury,CU_Asaduzzaman_and_M._Chowdhury
Asaduzzaman and Md. Mokammel Haque,CU_Asaduzzaman_and_Md._Mokammel_Haque
Ashraf Uddin,CU_Ashraf_Uddin
Assaduzzaman,CU_Assaduzzaman
Ayesha Banu,CU_Ayesha_Banu
Billal Hossain,CU_Billal_Hossain
Byung Goo Choi and Choong Seon Hong,CU_Byung_Goo_Choi_and_Choong_Seon_Hong
Byung-Seok Woo and Kang-Hyun Jo,CU_Byung-Seok_Woo_and_Kang-Hyun_Jo
C. Sheel and M. M. Islam,CU_C._Sheel_and_M._M._Islam
Chen Zhiming,CU_Chen_Zhiming
Chinmoy Bhowmik,CU_Chinmoy_Bhowmik
Chitra Biswas,CU_Chitra_Biswas
Choong Seon Hong and Eui-Nam Huh,CU_Choong_Seon_Hong_and_Eui-Nam_Huh
D. Das,CU_D._Das
Das,CU_Das
Dea Kyu Choi,CU_Dea_Kyu_Choi
Debbrata Kumar Saha,CU_Debbrata_Kumar_Saha
Deepak Kumar Chy.,CU_Deepak_Kumar_Chy.
Dhrubajyoti Das,CU_Dhrubajyoti_Das
Dipanjan Das Roy,CU_Dipanjan_Das_Roy
Dipankar Das,CU_Dipankar_Das
Dipankar Das and Kaushik Deb,CU_Dipankar_Das_and_Kaushik_Deb
Dipon Talukder,CU_Dipon_Talukder
Dipon Talukder and Md Mokammmel Haque,CU_Dipon_Talukder_and_Md_Mokammmel_Haque
Dr. Abu Sayed Md. Latiful Hoque and Mohammad Shamsul Arefin,CU_Dr._Abu_Sayed_Md._Latiful_Hoque_and_Mohammad_Shamsul_Arefin
Dr. Kaushik Deb,CU_Dr._Kaushik_Deb
E. Hoque and M. S. Islam,CU_E._Hoque_and_M._S._Islam
E. Hossain,CU_E._Hossain
Eftekhar Hossain,CU_Eftekhar_Hossain
FFT based Audio Watermarking Method with a Gray Image for Copyright Protection,CU_FFT_based_Audio_Watermarking_Method_with_a_Gray_Image_for_Copyright_Protection
Farhana Shirin Chowdhury,CU_Farhana_Shirin_Chowdhury
Faria Zarin Subah,CU_Faria_Zarin_Subah
Fariha Jahan Shanta and Md. Mokammel Haque,CU_Fariha_Jahan_Shanta_and_Md._Mokammel_Haque
Farjana Bintay Kamal,CU_Farjana_Bintay_Kamal
Farzana Alam Tanzila,CU_Farzana_Alam_Tanzila
Fatima Jahara,CU_Fatima_Jahara
Fatimah Ibrahim,CU_Fatimah_Ibrahim
G. J Ferdous,CU_G._J_Ferdous
GM Sakhawat Hossain,CU_GM_Sakhawat_Hossain
Geng Ma,CU_Geng_Ma
Golam Morsad,CU_Golam_Morsad
Gun Seok Kim,CU_Gun_Seok_Kim
Gun-Seok Kim and Nae-Soo Kim,CU_Gun-Seok_Kim_and_Nae-Soo_Kim
H. Ahmed and Asaduzzaman,CU_H._Ahmed_and_Asaduzzaman
Hee-Chul Lim,CU_Hee-Chul_Lim
Hee-Chul Lim and Kang-Hyun Jo,CU_Hee-Chul_Lim_and_Kang-Hyun_Jo
Heechul Lim,CU_Heechul_Lim
Helena Parvin Mony and Sujan Chowdhury,CU_Helena_Parvin_Mony_and_Sujan_Chowdhury
Helge Janicke,CU_Helge_Janicke
Ho Van Khuong,CU_Ho_Van_Khuong
Hussain Md. Mehedul Islam and Mohammad Obaidur Rahman,CU_Hussain_Md._Mehedul_Islam_and_Mohammad_Obaidur_Rahman
Hyun-Uk Chae,CU_Hyun-Uk_Chae
Hyung Yun Kong,CU_Hyung_Yun_Kong
Hyung Yun Kong and Asaduzzaman,CU_Hyung_Yun_Kong_and_Asaduzzaman
Hyung Yun Kong and Ha Nguyen Vu,CU_Hyung_Yun_Kong_and_Ha_Nguyen_Vu
Hyung Yun Kong and Kim Ryum,CU_Hyung_Yun_Kong_and_Kim_Ryum
Hyung-Yun Kong,CU_Hyung-Yun_Kong
I. H Sarker and MM Hoque,CU_I._H_Sarker_and_MM_Hoque
I. H. Sarker,CU_I._H._Sarker
IH Sarker,CU_IH_Sarker
Iqbal,CU_Iqbal
Iqbal H Sarker,CU_Iqbal_H_Sarker
Iqbal H. Sarker Iqbal H. Sarker,CU_Iqbal_H._Sarker_Iqbal_H._Sarker
Iqbal Hasan Sarker,CU_Iqbal_Hasan_Sarker
J.-H. Lee and J.-H. Park,CU_J.-H._Lee_and_J.-H._Park
Jae Hyun Ryu,CU_Jae_Hyun_Ryu
Jobayer Sheikh and Md. Jihan Al Rashid,CU_Jobayer_Sheikh_and_Md._Jihan_Al_Rashid
Josef Pieprzyk and Asaduzzaman,CU_Josef_Pieprzyk_and_Asaduzzaman
Jung-Won Kim,CU_Jung-Won_Kim
K Deb,CU_K_Deb
K. A Sathi,CU_K._A_Sathi
K. Deb,CU_K._Deb
KAUSHIK DEB,CU_KAUSHIK_DEB
Kang,CU_Kang
Kang Hyun Jo,CU_Kang_Hyun_Jo
Kang-Hyun Jo,CU_Kang-Hyun_Jo
Kartini Rahmat,CU_Kartini_Rahmat
Kaushik Deb,CU_Kaushik_Deb
Kaushik Deb and Ashraful Huq Suny,CU_Kaushik_Deb_and_Ashraful_Huq_Suny
Kaushik Deb and Kang-Hyun Jo,CU_Kaushik_Deb_and_Kang-Hyun_Jo
Kaushik Deb and Thomas Chowdhury,CU_Kaushik_Deb_and_Thomas_Chowdhury
Kaushik Deb and V. L. Tokarev,CU_Kaushik_Deb_and_V._L._Tokarev
Kaushik-Deb,CU_Kaushik-Deb
Kayasar Md. Mahedi,CU_Kayasar_Md._Mahedi
Kazi Anika Hossain Naima,CU_Kazi_Anika_Hossain_Naima
Kazi Zakia Sultana,CU_Kazi_Zakia_Sultana
Kazi Zakia Sultana and Tahmina Khanam,CU_Kazi_Zakia_Sultana_and_Tahmina_Khanam
Khaleque Md Aashiq Kamal,CU_Khaleque_Md_Aashiq_Kamal
Kheng Seang Lim,CU_Kheng_Seang_Lim
Khondoker Nazibul Hossain,CU_Khondoker_Nazibul_Hossain
Kishor Roy,CU_Kishor_Roy
L. Alam,CU_L._Alam
Lamia Alam and Mohammed Moshiul Hoque,CU_Lamia_Alam_and_Mohammed_Moshiul_Hoque
Lindsay Kleeman,CU_Lindsay_Kleeman
Linkon Chowdhury,CU_Linkon_Chowdhury
Linkon Chowdhury and Mohammad Shamsul Arefin,CU_Linkon_Chowdhury_and_Mohammad_Shamsul_Arefin
M,CU_M
M .M. Hoque,CU_M_.M._Hoque
M F. Kader and I H. Sarker,CU_M_F._Kader_and_I_H._Sarker
M M Hoque,CU_M_M_Hoque
M. A Hossain,CU_M._A_Hossain
M. A. A. Dewan,CU_M._A._A._Dewan
M. A. A. Dewan and N. Siddique,CU_M._A._A._Dewan_and_N._Siddique
M. A. Hossain,CU_M._A._Hossain
M. A.F.M. R. Hasan,CU_M._A.F.M._R._Hasan
M. F. Faruque,CU_M._F._Faruque
M. F. Kader,CU_M._F._Kader
M. G. R. Alam and M. M. Hoque,CU_M._G._R._Alam_and_M._M._Hoque
M. I. Pramanik,CU_M._I._Pramanik
M. K. Hassan and M. M. U. Karim,CU_M._K._Hassan_and_M._M._U._Karim
M. M Hoque,CU_M._M_Hoque
M. M. Ahammed and M. M. U. Hasan,CU_M._M._Ahammed_and_M._M._U._Hasan
M. M. Anwar,CU_M._M._Anwar
M. M. Hoque,CU_M._M._Hoque
M. M. Hoque & M. H. Furhad,CU_M._M._Hoque_&_M._H._Furhad
M. M. Hoque and M. A. Sarif,CU_M._M._Hoque_and_M._A._Sarif
M. M. Hoque and M. K. Hassan,CU_M._M._Hoque_and_M._K._Hassan
M. M. Rahaman,CU_M._M._Rahaman
M. M. S. Kowsar,CU_M._M._S._Kowsar
M. M. S. Kowsar and K. Deb,CU_M._M._S._Kowsar_and_K._Deb
M. M. U. Hasan,CU_M._M._U._Hasan
M. Moshiul Hoque,CU_M._Moshiul_Hoque
M. N. Uddin,CU_M._N._Uddin
M. O. Faruk,CU_M._O._Faruk
M. R Hossain,CU_M._R_Hossain
M. R. Hossain,CU_M._R._Hossain
M. S. Arefin,CU_M._S._Arefin
M. S. Arefin and M. A. Siddique,CU_M._S._Arefin_and_M._A._Siddique
M. S. Arefin and M. O. Rahman,CU_M._S._Arefin_and_M._O._Rahman
M. S. Arefin and M. S. Kowser,CU_M._S._Arefin_and_M._S._Kowser
M. S. Arefin and Y. Morimoto,CU_M._S._Arefin_and_Y._Morimoto
M. S. Hossain and Asaduzzaman,CU_M._S._Hossain_and_Asaduzzaman
M. T. Islam and K. Dev,CU_M._T._Islam_and_K._Dev
M.A.,CU_M.A.
M.A.H. Bhuiyan and Kaushik Deb,CU_M.A.H._Bhuiyan_and_Kaushik_Deb
M.M.,CU_M.M.
M.M.R.,CU_M.M.R.
M.S. Kowsar and Kaushik Deb,CU_M.S._Kowsar_and_Kaushik_Deb
M.T. Islam,CU_M.T._Islam
MD Muhyminul Haque,CU_MD_Muhyminul_Haque
MD. ATIQUL ISLAM RIZVI,CU_MD._ATIQUL_ISLAM_RIZVI
MD. IBRAHIM KHAN,CU_MD._IBRAHIM_KHAN
MIR MD. SAKI KOWSAR,CU_MIR_MD._SAKI_KOWSAR
MM Hoque,CU_MM_Hoque
Mahfuzulhoq Chowdhury,CU_Mahfuzulhoq_Chowdhury
Mahfuzulhoq Chowdhury and Asaduzzaman,CU_Mahfuzulhoq_Chowdhury_and_Asaduzzaman
Mahibul Abdullah Ibne Momin,CU_Mahibul_Abdullah_Ibne_Momin
Maisha Maimuna,CU_Maisha_Maimuna
Maliha Momtaz Islam,CU_Maliha_Momtaz_Islam
Mamun,CU_Mamun
Manolya Kavakli and Md. Mokammel Haque,CU_Manolya_Kavakli_and_Md._Mokammel_Haque
Mas S Mohktar,CU_Mas_S_Mohktar
Masuma Akter Rumi,CU_Masuma_Akter_Rumi
Md Al-Mamun Provath,CU_Md_Al-Mamun_Provath
Md Ashiqur Rahman,CU_Md_Ashiqur_Rahman
Md Badiuzzaman Biplob and Md. Mokammel Haque,CU_Md_Badiuzzaman_Biplob_and_Md._Mokammel_Haque
Md Fazlul Kader,CU_Md_Fazlul_Kader
Md Junayed Hasan,CU_Md_Junayed_Hasan
Md Khaliluzzaman,CU_Md_Khaliluzzaman
Md Mahadi Hasan,CU_Md_Mahadi_Hasan
Md Mokammel Haque,CU_Md_Mokammel_Haque
Md Mokammel Haque and Josef Pieprzyk,CU_Md_Mokammel_Haque_and_Josef_Pieprzyk
Md Shihab Hossain,CU_Md_Shihab_Hossain
Md. Abdul Quaum,CU_Md._Abdul_Quaum
Md. Akber Hossain,CU_Md._Akber_Hossain
Md. Ashikur Rahaman,CU_Md._Ashikur_Rahaman
Md. Ashiqur Rahman,CU_Md._Ashiqur_Rahman
Md. Asif Iqbal and Md. Mokammel Haque,CU_Md._Asif_Iqbal_and_Md._Mokammel_Haque
Md. Asiful Islam,CU_Md._Asiful_Islam
Md. Atiqul islam rizvi,CU_Md._Atiqul_islam_rizvi
Md. Azhar Uddin,CU_Md._Azhar_Uddin
Md. Billal Hossain,CU_Md._Billal_Hossain
Md. Fazlul Kader,CU_Md._Fazlul_Kader
Md. Fazlul Kader and Kaushik Deb,CU_Md._Fazlul_Kader_and_Kaushik_Deb
Md. Fazlul Kader and Mohammad Obaidur Rahman,CU_Md._Fazlul_Kader_and_Mohammad_Obaidur_Rahman
Md. Habibur Rahman,CU_Md._Habibur_Rahman
Md. Ibrahim Khan,CU_Md._Ibrahim_Khan
Md. Iqbal Hasan Sarker,CU_Md._Iqbal_Hasan_Sarker
Md. Kamrul Hossain,CU_Md._Kamrul_Hossain
Md. Kamrul Hossain and Md. Mokammel Haque,CU_Md._Kamrul_Hossain_and_Md._Mokammel_Haque
Md. Khaliluzzaman,CU_Md._Khaliluzzaman
Md. Khaliluzzaman Kaushik Deb,CU_Md._Khaliluzzaman_Kaushik_Deb
Md. Khaliluzzaman and Kaushik Deb,CU_Md._Khaliluzzaman_and_Kaushik_Deb
Md. Mahammud Ali and Kang-Hyun Jo,CU_Md._Mahammud_Ali_and_Kang-Hyun_Jo
Md. Mokammel Haque,CU_Md._Mokammel_Haque
Md. Mokammel Haque and Choong Seon Hong,CU_Md._Mokammel_Haque_and_Choong_Seon_Hong
Md. Mokammel Haque and Josef Pieprzyk,CU_Md._Mokammel_Haque_and_Josef_Pieprzyk
Md. Mokammel Haque and M. Ali Akber Dewan,CU_Md._Mokammel_Haque_and_M._Ali_Akber_Dewan
Md. Mokammel Haque and Md. Kamrul Hossain,CU_Md._Mokammel_Haque_and_Md._Kamrul_Hossain
Md. Mokammel Haque and Mohammad Obaidur Rahman,CU_Md._Mokammel_Haque_and_Mohammad_Obaidur_Rahman
Md. Mokammel Haque and Udayan Das Gupta,CU_Md._Mokammel_Haque_and_Udayan_Das_Gupta
Md. Moshiul Hoque,CU_Md._Moshiul_Hoque
Md. Moshiul Hoque and Kaushik Deb,CU_Md._Moshiul_Hoque_and_Kaushik_Deb
Md. Moshiul Hoque and Md. Iqbal Hasan Sarker,CU_Md._Moshiul_Hoque_and_Md._Iqbal_Hasan_Sarker
Md. Mostafizur Rahaman,CU_Md._Mostafizur_Rahaman
Md. Obaidur Rahman,CU_Md._Obaidur_Rahman
Md. Osman Goni,CU_Md._Osman_Goni
Md. Rafiqul Alam,CU_Md._Rafiqul_Alam
Md. Rahat Mahmud,CU_Md._Rahat_Mahmud
Md. Rashadur Rahman,CU_Md._Rashadur_Rahman
Md. Rashadur RahmanMd,CU_Md._Rashadur_RahmanMd
Md. Sabir Hossain,CU_Md._Sabir_Hossain
Md. Sajib Al-Seraj,CU_Md._Sajib_Al-Seraj
Md. Saki Kowser,CU_Md._Saki_Kowser
Md. Sarwar Kamal and Mohammad Shamsul Arefin,CU_Md._Sarwar_Kamal_and_Mohammad_Shamsul_Arefin
Md. Shafiul Alam Forhad,CU_Md._Shafiul_Alam_Forhad
Md. Shahadat Hossain,CU_Md._Shahadat_Hossain
Md. Shahnur Azad Chowdhury,CU_Md._Shahnur_Azad_Chowdhury
Md. Shamsul Arefin,CU_Md._Shamsul_Arefin
Mir Md. Saki Kowsar,CU_Mir_Md._Saki_Kowsar
Mir Mohammad Saki Kowsar and Tahmina Khanam,CU_Mir_Mohammad_Saki_Kowsar_and_Tahmina_Khanam
Mohammad Ashfak Habib,CU_Mohammad_Ashfak_Habib
Mohammad Ashraf Russo,CU_Mohammad_Ashraf_Russo
Mohammad Atiqul Islam Rizvi,CU_Mohammad_Atiqul_Islam_Rizvi
Mohammad Ibrahim Khan,CU_Mohammad_Ibrahim_Khan
Mohammad Mizanur Rahman,CU_Mohammad_Mizanur_Rahman
Mohammad Obaidur Rahman,CU_Mohammad_Obaidur_Rahman
Mohammad Obaidur Rahman and Asaduzzaman,CU_Mohammad_Obaidur_Rahman_and_Asaduzzaman
Mohammad Shamsul Arefin,CU_Mohammad_Shamsul_Arefin
Mohammad Shamsul Arefin and Mohammad Obaidur Rahman,CU_Mohammad_Shamsul_Arefin_and_Mohammad_Obaidur_Rahman
Mohammed Ibrahim Khan,CU_Mohammed_Ibrahim_Khan
Mohammed Moshiul Hoque,CU_Mohammed_Moshiul_Hoque
Mohammed Nasir Uddin and Kaushik Deb,CU_Mohammed_Nasir_Uddin_and_Kaushik_Deb
Mohammed Safayet Arefin,CU_Mohammed_Safayet_Arefin
Mohammed Ziaur Rahman,CU_Mohammed_Ziaur_Rahman
Monowar Wadud Hridoy,CU_Monowar_Wadud_Hridoy
Moumita Sen Sarma,CU_Moumita_Sen_Sarma
Mr. Thomas Chowdhury & Rahma Bintey Mufiz Mukta,CU_Mr._Thomas_Chowdhury_&_Rahma_Bintey_Mufiz_Mukta
Muhammad Ibrahim Khan,CU_Muhammad_Ibrahim_Khan
Muhammad Kamal Hossen,CU_Muhammad_Kamal_Hossen
Muhammad Kamal Hossen and Kaushik Deb,CU_Muhammad_Kamal_Hossen_and_Kaushik_Deb
Muhammad Kamrul Hossain Patwary,CU_Muhammad_Kamrul_Hossain_Patwary
Musfequa Rahman,CU_Musfequa_Rahman
My Ha Le,CU_My_Ha_Le
My-Ha Le,CU_My-Ha_Le
N Siddique,CU_N_Siddique
N. Islam and I. H. Sarker,CU_N._Islam_and_I._H._Sarker
N. N. Siddique and I. H. Sarker,CU_N._N._Siddique_and_I._H._Sarker
N. S. Kim,CU_N._S._Kim
N. Siddique,CU_N._Siddique
Nafiz Mahmud and Md. Mokammel Haque,CU_Nafiz_Mahmud_and_Md._Mokammel_Haque
Nazmun Naher,CU_Nazmun_Naher
Nowrozy,CU_Nowrozy
Nur Mohammad,CU_Nur_Mohammad
Nusrat Jahan Oishi,CU_Nusrat_Jahan_Oishi
O Sharif,CU_O_Sharif
O. & Hoque,CU_O._&_Hoque
O. M. M. Hoque and Iqbal. H. Sarker,CU_O._M._M._Hoque_and_Iqbal._H._Sarker
O. Sharif,CU_O._Sharif
O. Sharif and M. M. Hoque,CU_O._Sharif_and_M._M._Hoque
Oh-Jin Kwon,CU_Oh-Jin_Kwon
Omar Sharif,CU_Omar_Sharif
Omar Sharif and Mohammed Moshiul Hoque,CU_Omar_Sharif_and_Mohammed_Moshiul_Hoque
P. K. Dhar and M. A. F. M. R. Hasan,CU_P._K._Dhar_and_M._A._F._M._R._Hasan
Parvin,CU_Parvin
Pranab K. Dhar,CU_Pranab_K._Dhar
Pranab Kumar Dhar,CU_Pranab_Kumar_Dhar
Pranab Kumar Dhar and Golam Moktader Daiyan,CU_Pranab_Kumar_Dhar_and_Golam_Moktader_Daiyan
Prianka Banik and Kaushik Deb,CU_Prianka_Banik_and_Kaushik_Deb
Promiti Chakraborty,CU_Promiti_Chakraborty
Q. D. Hossian,CU_Q._D._Hossian
Quazi Delwar Hossian,CU_Quazi_Delwar_Hossian
R,CU_R
R Nowrozy,CU_R_Nowrozy
R. C. Ripan,CU_R._C._Ripan
R. Hossain,CU_R._Hossain
R. Paul,CU_R._Paul
R. Rayan,CU_R._Rayan
R. Yasmin,CU_R._Yasmin
Rahat Mahmud,CU_Rahat_Mahmud
Rahma Bintey Mufiz Mukta,CU_Rahma_Bintey_Mufiz_Mukta
Rahma Bintey Mufiz Mukta & Sarah Sohana,CU_Rahma_Bintey_Mufiz_Mukta_&_Sarah_Sohana
Rajan Shankaran,CU_Rajan_Shankaran
Ricko Shaha,CU_Ricko_Shaha
S Hossain,CU_S_Hossain
S Sakib,CU_S_Sakib
S. A. Chowdhury,CU_S._A._Chowdhury
S. Afroze,CU_S._Afroze
S. J. Park,CU_S._J._Park
S. M. A. Iqbal,CU_S._M._A._Iqbal
S. M. Azizul Hakim and Asaduzzaman,CU_S._M._Azizul_Hakim_and_Asaduzzaman
S. M. Iqbal,CU_S._M._Iqbal
S. M. M. Hossain,CU_S._M._M._Hossain
S. M. R. Islam,CU_S._M._R._Islam
S. Sharmin,CU_S._Sharmin
S. Sultana and Asaduzzaman,CU_S._Sultana_and_Asaduzzaman
S.M.A.,CU_S.M.A.
Saadman Sakib,CU_Saadman_Sakib
Sabiha Anan,CU_Sabiha_Anan
Saha Reno and Md. Mokammel Haque,CU_Saha_Reno_and_Md._Mokammel_Haque
Sajib Al-Seraj,CU_Sajib_Al-Seraj
Saki Kowsar and Jong-Myon Kim,CU_Saki_Kowsar_and_Jong-Myon_Kim
Samiul Haque,CU_Samiul_Haque
Sangita Mitra,CU_Sangita_Mitra
Sayem Mohammad Imtiaz,CU_Sayem_Mohammad_Imtiaz
Shahid Md. Asif Iqbal and Asaduzzaman,CU_Shahid_Md._Asif_Iqbal_and_Asaduzzaman
Shahrul Bahyah Kamaruzzaman,CU_Shahrul_Bahyah_Kamaruzzaman
Shaiyan Ameen Chowdhury,CU_Shaiyan_Ameen_Chowdhury
Shajir Uddin Haider and Md. Mokammel Haque,CU_Shajir_Uddin_Haider_and_Md._Mokammel_Haque
Shanta Chowdhury and Md. Mokammel Haque,CU_Shanta_Chowdhury_and_Md._Mokammel_Haque
Sharif,CU_Sharif
Sharmistha Chanda Tista and Kaushik Deb,CU_Sharmistha_Chanda_Tista_and_Kaushik_Deb
Shayla Sharmin,CU_Shayla_Sharmin
Shomen Deb and Md. Mokammel Haque,CU_Shomen_Deb_and_Md._Mokammel_Haque
Shuhena Salam Aonty,CU_Shuhena_Salam_Aonty
Shuhena Salam Aonty; Kaushik Deb; Dhrubajyoti Das; Kang-Hyun Jo,CU_Shuhena_Salam_Aonty;_Kaushik_Deb;_Dhrubajyoti_Das;_Kang-Hyun_Jo
Soo Young Shin,CU_Soo_Young_Shin
Soumen Chakraborty,CU_Soumen_Chakraborty
Soumen Chakraborty and Kaushik Deb,CU_Soumen_Chakraborty_and_Kaushik_Deb
Sourav Paul and Md. Mokammel Haque,CU_Sourav_Paul_and_Md._Mokammel_Haque
Sujan Chowdhury,CU_Sujan_Chowdhury
Sujan Chowdhury and Kaushik Deb,CU_Sujan_Chowdhury_and_Kaushik_Deb
Sujon Chowdhury,CU_Sujon_Chowdhury
Suk-Ju,CU_Suk-Ju
Suk-Ju Kang,CU_Suk-Ju_Kang
Supriya Sarker,CU_Supriya_Sarker
Supriya Sarker and M. Ali Akber Dewan,CU_Supriya_Sarker_and_M._Ali_Akber_Dewan
Supriya Sarker and Md. Mokammel Haque,CU_Supriya_Sarker_and_Md._Mokammel_Haque
Suvadra Barua and Md. Mokammel Haque,CU_Suvadra_Barua_and_Md._Mokammel_Haque
Swati Nigam,CU_Swati_Nigam
Syed Md Minhaz Hossain,CU_Syed_Md_Minhaz_Hossain
Syed Mohammad Minhaz Hosain,CU_Syed_Mohammad_Minhaz_Hosain
T.,CU_T.
T. Onuki,CU_T._Onuki
T. Parvin,CU_T._Parvin
TAHMINA KHANAM,CU_TAHMINA_KHANAM
Tae-Ho Kim,CU_Tae-Ho_Kim
Tahmina Khanam,CU_Tahmina_Khanam
Tahmina Khanam and Kaushik Deb,CU_Tahmina_Khanam_and_Kaushik_Deb
Tahmina Khhanm and Kaushik Deb,CU_Tahmina_Khhanm_and_Kaushik_Deb
Tan Maw Pin,CU_Tan_Maw_Pin
Taufique Sayeed,CU_Taufique_Sayeed
Tauhidul Alam,CU_Tauhidul_Alam
Tauhidul Alam and Kaushik Deb,CU_Tauhidul_Alam_and_Kaushik_Deb
Tetsuya Shimamura,CU_Tetsuya_Shimamura
Udayan Das Gupta and Md. Mokammel Haque,CU_Udayan_Das_Gupta_and_Md._Mokammel_Haque
Uzzal K. Acharjee,CU_Uzzal_K._Acharjee
V. N. Q. Bao,CU_V._N._Q._Bao
Vo Nguyen Bao,CU_Vo_Nguyen_Bao
Xu Jinhao,CU_Xu_Jinhao
Y. Kobayashi,CU_Y._Kobayashi
Y. Kuno,CU_Y._Kuno
Y. Morimoto,CU_Y._Morimoto
Yasuhiko Morimoto,CU_Yasuhiko_Morimoto
Yun Kyeong Hwang,CU_Yun_Kyeong_Hwang
Zainul Abedin,CU_Zainul_Abedin
Zhichao Chang,CU_Zhichao_Chang
[3] S. Afroze,CU_[3]_S._Afroze
and A. A. Dewan,CU_and_A._A._Dewan
and A. S. M. Kayes,CU_and_A._S._M._Kayes
and Ashish Khare,CU_and_Ashish_Khare
and I H Sarker,CU_and_I_H_Sarker
and Jong-Myon Kim,CU_and_Jong-Myon_Kim
and K. Deb,CU_and_K._Deb
and Kang-Hyun Jo,CU_and_Kang-Hyun_Jo
and Kaushik Deb,CU_and_Kaushik_Deb
and Kaushik-Deb,CU_and_Kaushik-Deb
and M M Hoque,CU_and_M_M_Hoque
and M. A. A. Dewan,CU_and_M._A._A._Dewan
and M. Ali Akber Dewan,CU_and_M._Ali_Akber_Dewan
and M. M. Hoque,CU_and_M._M._Hoque
and M. S. Rahman,CU_and_M._S._Rahman
and Md. Fazlul Kader,CU_and_Md._Fazlul_Kader
and Md. Hasan Farhad,CU_and_Md._Hasan_Farhad
and Md. Moshiul Hoque,CU_and_Md._Moshiul_Hoque
and Md. Rafiqul Alam,CU_and_Md._Rafiqul_Alam
and Mohammad Amir Sharif,CU_and_Mohammad_Amir_Sharif
and Mohammad Monirul Islam,CU_and_Mohammad_Monirul_Islam
and Mohammad Obaidur Rahman,CU_and_Mohammad_Obaidur_Rahman
and Mohammad Shamsul Arefin,CU_and_Mohammad_Shamsul_Arefin
and Oh-Jin Kwon,CU_and_Oh-Jin_Kwon
and P. M. Mahamudul Hassan,CU_and_P._M._Mahamudul_Hassan
and Priyam Biswas,CU_and_Priyam_Biswas
and Saadman Sakib,CU_and_Saadman_Sakib
and Sarwar Kamal,CU_and_Sarwar_Kamal
and Shahnur Azad Chowdhury,CU_and_Shahnur_Azad_Chowdhury
and Takeshi Koshiba,CU_and_Takeshi_Koshiba
and Ui-Pil Chong,CU_and_Ui-Pil_Chong
and Y. Kuno,CU_and_Y._Kuno
and Yasuhiko Morimoto,CU_and_Yasuhiko_Morimoto
authorMohammad Ibrahim Khan,CU_authorMohammad_Ibrahim_Khan
d. Khaliluzzaman,CU_d._Khaliluzzaman
huhena Salam Aonty,CU_huhena_Salam_Aonty
