Author Name,Author ID
,CU_
19.	Sadia Mahjabin,CU_19.	Sadia_Mahjabin
2.	Rahul Mohalder,CU_2.	Rahul_Mohalder
2003.,CU_2003.
2004.,CU_2004.
2006.,CU_2006.
2007.,CU_2007.
2008.,CU_2008.
2009.,CU_2009.
2010.,CU_2010.
2011.,CU_2011.
2012.,CU_2012.
2013.,CU_2013.
2014.,CU_2014.
23.	Md. Atikur Rahman Sabuj,CU_23.	Md._Atikur_Rahman_Sabuj
34.	Kamrul Hasan Talukder and Koichi Harada,CU_34.	Kamrul_Hasan_Talukder_and_Koichi_Harada
38.	Kamrul Hasan Talukder,CU_38.	Kamrul_Hasan_Talukder
41.	Kamrul Hasan Talukder and Koichi Harada,CU_41.	Kamrul_Hasan_Talukder_and_Koichi_Harada
45.	Kamrul Hasan Talukder and Koichi Harada,CU_45.	Kamrul_Hasan_Talukder_and_Koichi_Harada
46.	Kamrul Hasan Talukder,CU_46.	Kamrul_Hasan_Talukder
47.	Kamrul Hasan Talukder and Koichi Harada,CU_47.	Kamrul_Hasan_Talukder_and_Koichi_Harada
52.	Kamrul Hasan Talukder,CU_52.	Kamrul_Hasan_Talukder
53.	Ahmed Shah Mashiyat,CU_53.	Ahmed_Shah_Mashiyat
54.	Manishankar Mondal,CU_54.	Manishankar_Mondal
55.	Nilimesh Halder,CU_55.	Nilimesh_Halder
56.	Ahmed Shah Mashiyat,CU_56.	Ahmed_Shah_Mashiyat
57.	Nilimesh Halder,CU_57.	Nilimesh_Halder
59.	Md. Khademul Islam Molla,CU_59.	Md._Khademul_Islam_Molla
60.	Shamim Hasnat Ripon,CU_60.	Shamim_Hasnat_Ripon
61.	Md. Khademul Islam Molla,CU_61.	Md._Khademul_Islam_Molla
63.	Kamrul Hasan Talukder,CU_63.	Kamrul_Hasan_Talukder
64.	Kamrul Hasan Talukder,CU_64.	Kamrul_Hasan_Talukder
65.	Kamrul Hasan Talukder,CU_65.	Kamrul_Hasan_Talukder
66.	Kamrul Hasan Talukder,CU_66.	Kamrul_Hasan_Talukder
67.	Kamrul Hasan Talukder and Md. Khademul Islam Molla,CU_67.	Kamrul_Hasan_Talukder_and_Md._Khademul_Islam_Molla
68.	Kamrul Hasan Talukder and Md. Khademul Islam Molla,CU_68.	Kamrul_Hasan_Talukder_and_Md._Khademul_Islam_Molla
69.	Kamrul Hasan Talukder and Md. Khademul Islam Molla,CU_69.	Kamrul_Hasan_Talukder_and_Md._Khademul_Islam_Molla
7.	Prince Mahmud,CU_7.	Prince_Mahmud
70.	Kamrul Hasan Talukder and Md. Khademul Islam Molla,CU_70.	Kamrul_Hasan_Talukder_and_Md._Khademul_Islam_Molla
71.	Md. Khademul Islam Molla and Kamrul Hasan Talukder,CU_71.	Md._Khademul_Islam_Molla_and_Kamrul_Hasan_Talukder
72.	Kamrul Hasan Talukder and Md. Khademul Islam Molla,CU_72.	Kamrul_Hasan_Talukder_and_Md._Khademul_Islam_Molla
73.	Kamrul Hasan Talukder and Md. Khademul Islam Molla,CU_73.	Kamrul_Hasan_Talukder_and_Md._Khademul_Islam_Molla
A. Akther,CU_A._Akther
A. B. M. R. Islam,CU_A._B._M._R._Islam
A. E. Saddik,CU_A._E._Saddik
A. Hossain,CU_A._Hossain
A. Rahman,CU_A._Rahman
A. Rahman and M. Masud,CU_A._Rahman_and_M._Masud
A. S. M. Rahman,CU_A._S._M._Rahman
A.K.Z Rasel Rahman,CU_A.K.Z_Rasel_Rahman
Abdullah Al Zubaer,CU_Abdullah_Al_Zubaer
Abdullah Sheikh,CU_Abdullah_Sheikh
Abu Shamim Mohammad Arif and Abdullah-Al Nahid,CU_Abu_Shamim_Mohammad_Arif_and_Abdullah-Al_Nahid
Abu Zonayed Riyadh,CU_Abu_Zonayed_Riyadh
Ahmed Shah Mashiyat and Rezoanoor Rahman,CU_Ahmed_Shah_Mashiyat_and_Rezoanoor_Rahman
Ahmed Shah Mehadi and Kamrul Hasan Talukder,CU_Ahmed_Shah_Mehadi_and_Kamrul_Hasan_Talukder
Alam,CU_Alam
Anika Asfi,CU_Anika_Asfi
Anisur Rahman,CU_Anisur_Rahman
Anupam K. Bairagi,CU_Anupam_K._Bairagi
Anwesha Paul and Kamrul Hasan Talukder,CU_Anwesha_Paul_and_Kamrul_Hasan_Talukder
Ashrafi Akram and Rameswar Debnath,CU_Ashrafi_Akram_and_Rameswar_Debnath
Aysha Akther,CU_Aysha_Akther
Aysha Akther and Rameswar Debnath,CU_Aysha_Akther_and_Rameswar_Debnath
B. C. Ghosh,CU_B._C._Ghosh
B. K. Nandi,CU_B._K._Nandi
Badhon Ahmed Topu,CU_Badhon_Ahmed_Topu
Banalata Das,CU_Banalata_Das
Bappa Sarkar,CU_Bappa_Sarkar
C. --H. Tsang,CU_C._--H._Tsang
D. Koch,CU_D._Koch
E. Samuelsen,CU_E._Samuelsen
F. Haque,CU_F._Haque
F. M. Nazmul Alam,CU_F._M._Nazmul_Alam
F. Tanha,CU_F._Tanha
Fahim Ahmed,CU_Fahim_Ahmed
Farhana Tazmim Pinki,CU_Farhana_Tazmim_Pinki
Fasial Mahbub Chowdhury and Kamrul Hasan Talukder,CU_Fasial_Mahbub_Chowdhury_and_Kamrul_Hasan_Talukder
Ferdous Bin Ali,CU_Ferdous_Bin_Ali
G. M. A. Rahaman,CU_G._M._A._Rahaman
G. M. Rokibul Hasan and Kamrul Hasan Talukder,CU_G._M._Rokibul_Hasan_and_Kamrul_Hasan_Talukder
Hafsa Sultana,CU_Hafsa_Sultana
Haruhisa Takahashi and Takio Kurita,CU_Haruhisa_Takahashi_and_Takio_Kurita
I. Kiringa,CU_I._Kiringa
J. A. Faisal,CU_J._A._Faisal
J. Torresen,CU_J._Torresen
Jinat Rehna,CU_Jinat_Rehna
Joyassree sen,CU_Joyassree_sen
Joydwip Mohajon,CU_Joydwip_Mohajon
Juliet Polok Sarkar,CU_Juliet_Polok_Sarkar
Juthuka Majumder,CU_Juthuka_Majumder
K. Barman,CU_K._Barman
K. F. Man,CU_K._F._Man
K. Glette,CU_K._Glette
K. H. Talukder,CU_K._H._Talukder
K. M. Alam,CU_K._M._Alam
K. N. Khan,CU_K._N._Khan
K. S. N. Ripon,CU_K._S._N._Ripon
K. S. N. Ripon and J. Torresen,CU_K._S._N._Ripon_and_J._Torresen
Kamrul Hasan Talukder,CU_Kamrul_Hasan_Talukder
Kamrul Hasan Talukder and Abdul Hasib Uddin,CU_Kamrul_Hasan_Talukder_and_Abdul_Hasib_Uddin
Kamrul Hasan Talukder and Dipankar Das,CU_Kamrul_Hasan_Talukder_and_Dipankar_Das
Kamrul Hasan Talukder and Jubayer Shamshed,CU_Kamrul_Hasan_Talukder_and_Jubayer_Shamshed
Kamrul Hasan Talukder and Koichi Harada,CU_Kamrul_Hasan_Talukder_and_Koichi_Harada
Kamrul Hasan Talukder and Md. Altab Hossain,CU_Kamrul_Hasan_Talukder_and_Md._Altab_Hossain
Kamrul Hasan Talukder and Md. Khademul Islam Molla,CU_Kamrul_Hasan_Talukder_and_Md._Khademul_Islam_Molla
Kamrul Hasan Talukder and Md. Saddam Hossain Mukta,CU_Kamrul_Hasan_Talukder_and_Md._Saddam_Hossain_Mukta
Kamrul Hasan Talukder and Sabia Khatun Mithila,CU_Kamrul_Hasan_Talukder_and_Sabia_Khatun_Mithila
Kamrul Hasan Talukder and Shamim Hasnat Ripon,CU_Kamrul_Hasan_Talukder_and_Shamim_Hasnat_Ripon
Kamrul Hasan Talukder and Tania Mallick,CU_Kamrul_Hasan_Talukder_and_Tania_Mallick
Kashif Nizam Khan,CU_Kashif_Nizam_Khan
Kazi Masudul,CU_Kazi_Masudul
Kazi Masudul Alam and Rameswar Debnath,CU_Kazi_Masudul_Alam_and_Rameswar_Debnath
Kazi Shah Nawaz Ripon and Kamrul Hasan Talukder,CU_Kazi_Shah_Nawaz_Ripon_and_Kamrul_Hasan_Talukder
Khandkar Asif Hossain,CU_Khandkar_Asif_Hossain
Kiringa I.,CU_Kiringa_I.
Kiringa I. and El-Saddik A.,CU_Kiringa_I._and_El-Saddik_A.
Laboni Akter and Md. Mohsin Sarker Raihan,CU_Laboni_Akter_and_Md._Mohsin_Sarker_Raihan
Laboni Paul,CU_Laboni_Paul
Laboni Paul and Kamrul Hasan Talukder,CU_Laboni_Paul_and_Kamrul_Hasan_Talukder
Laboni Paul and Kamrul Hasan Talukder (2022),CU_Laboni_Paul_and_Kamrul_Hasan_Talukder_(2022)
Lipu Ahmed,CU_Lipu_Ahmed
M. A Islam,CU_M._A_Islam
M. A. Hossain,CU_M._A._Hossain
M. A. K. Azad,CU_M._A._K._Azad
M. A. Rahman,CU_M._A._Rahman
M. A. Rahman and A. Saha,CU_M._A._Rahman_and_A._Saha
M. A. Rahman and S. M. R. Haque,CU_M._A._Rahman_and_S._M._R._Haque
M. A.Rahman.,CU_M._A.Rahman.
M. A.nisur Rahman,CU_M._A.nisur_Rahman
M. B. Hossain,CU_M._B._Hossain
M. F. Rahman,CU_M._F._Rahman
M. Hovin,CU_M._Hovin
M. I. A. Khan,CU_M._I._A._Khan
M. I. H. Suvo,CU_M._I._H._Suvo
M. K. I. Molla,CU_M._K._I._Molla
M. Masud,CU_M._Masud
M. Prince,CU_M._Prince
M. Rahman,CU_M._Rahman
M. Raihan,CU_M._Raihan
M. Raihan and Kamrul Hasan Talukder,CU_M._Raihan_and_Kamrul_Hasan_Talukder
M.. S. Islam,CU_M.._S._Islam
M.A. Rahman,CU_M.A._Rahman
M.F. Alhamid,CU_M.F._Alhamid
MA. Rahman,CU_MA._Rahman
Mahmudul Hasan Abid,CU_Mahmudul_Hasan_Abid
Masakazu Muramatsu and Haruhiha Takahashi,CU_Masakazu_Muramatsu_and_Haruhiha_Takahashi
Masud M.,CU_Masud_M.
Md Arifur Rahman,CU_Md_Arifur_Rahman
Md Mahfujul Alam,CU_Md_Mahfujul_Alam
Md. Almas Hossain,CU_Md._Almas_Hossain
Md. Altab Hossin,CU_Md._Altab_Hossin
Md. Asaduzzaman and Kamrul Hasan Talukder,CU_Md._Asaduzzaman_and_Kamrul_Hasan_Talukder
Md. Asif Iqbal and Kamrul Hasan Talukder,CU_Md._Asif_Iqbal_and_Kamrul_Hasan_Talukder
Md. Hadiuzzaman Bappy,CU_Md._Hadiuzzaman_Bappy
Md. Imran Ali,CU_Md._Imran_Ali
Md. Khademul Islam Molla,CU_Md._Khademul_Islam_Molla
Md. Khademul Islam Molla and Abu Shamim Mohammad Arif,CU_Md._Khademul_Islam_Molla_and_Abu_Shamim_Mohammad_Arif
Md. Khademul Islam Molla and Shamim Hasnat Ripon,CU_Md._Khademul_Islam_Molla_and_Shamim_Hasnat_Ripon
Md. Mahbubur Rahman and Md. Mehedi masud,CU_Md._Mahbubur_Rahman_and_Md._Mehedi_masud
Md. Matiur Rahman and Kamrul Hasan Talukder,CU_Md._Matiur_Rahman_and_Kamrul_Hasan_Talukder
Md. Mehedi Hassan,CU_Md._Mehedi_Hassan
Md. Mizanur Rahman,CU_Md._Mizanur_Rahman
Md. Mustaneer Rahman and Toukir Ahmed,CU_Md._Mustaneer_Rahman_and_Toukir_Ahmed
Md. Nazrul Islam,CU_Md._Nazrul_Islam
Md. Rafiqul Islam,CU_Md._Rafiqul_Islam
Md. Rafiqul Islam and Kamrul Hasan Talukder,CU_Md._Rafiqul_Islam_and_Kamrul_Hasan_Talukder
Md. Rafiqul Islam and M A Mottalib,CU_Md._Rafiqul_Islam_and_M_A_Mottalib
Md. Rezoanoor Rahman and Kamrul Hasan Talukder,CU_Md._Rezoanoor_Rahman_and_Kamrul_Hasan_Talukder
Md. Rifat Ahmmad Rashid,CU_Md._Rifat_Ahmmad_Rashid
Md. Sayem Chowdury,CU_Md._Sayem_Chowdury
Md. Shamim Ahsan,CU_Md._Shamim_Ahsan
Md. Sharifur Rahman and Md. Rafiqul Islam.,CU_Md._Sharifur_Rahman_and_Md._Rafiqul_Islam.
Md. Shymon Islam,CU_Md._Shymon_Islam
Md. Siamul Haq,CU_Md._Siamul_Haq
Md. Sohel Rana and Kamrul Hasan Talukder,CU_Md._Sohel_Rana_and_Kamrul_Hasan_Talukder
Mehedi Masud and Anupam Kumar Bairagi,CU_Mehedi_Masud_and_Anupam_Kumar_Bairagi
Mir Tafseer Nayeem,CU_Mir_Tafseer_Nayeem
Mohammed Bin Hariz,CU_Mohammed_Bin_Hariz
Mohd. Noor Md. Sap and Harihodin Selamat,CU_Mohd._Noor_Md._Sap_and_Harihodin_Selamat
Mrim M. Alnfiai,CU_Mrim_M._Alnfiai
Mrityunjoy Gain,CU_Mrityunjoy_Gain
Mrityunjoy Gain and Rameswar Debnath,CU_Mrityunjoy_Gain_and_Rameswar_Debnath
Mukesh Saini,CU_Mukesh_Saini
N. H. Siddique,CU_N._H._Siddique
Nasif Alvi,CU_Nasif_Alvi
Nasif Alvi and Kamrul Hasan Talukder,CU_Nasif_Alvi_and_Kamrul_Hasan_Talukder
Niloy Sikder,CU_Niloy_Sikder
Nogaya Takahide and Haruhisa Takahashi,CU_Nogaya_Takahide_and_Haruhisa_Takahashi
Nogayama Takahide and Haruhiha Takahashi,CU_Nogayama_Takahide_and_Haruhiha_Takahashi
Noresh C. Biswas and Rameswar Debnath,CU_Noresh_C._Biswas_and_Rameswar_Debnath
O. Mirmotahari,CU_O._Mirmotahari
Prakash Kumar Bipin,CU_Prakash_Kumar_Bipin
Prince Mahmud,CU_Prince_Mahmud
R. Afrin,CU_R._Afrin
R. Farjana,CU_R._Farjana
R. M. M. Rahman,CU_R._M._M._Rahman
R. Mohalder,CU_R._Mohalder
Rafflesia Khan,CU_Rafflesia_Khan
Rafflesia Khan and Rameswar Debnath,CU_Rafflesia_Khan_and_Rameswar_Debnath
Rahman A.,CU_Rahman_A.
Rahul Deb Mohalder,CU_Rahul_Deb_Mohalder
Rahul Deb Mohalder and Kamrul Hasan Talukder,CU_Rahul_Deb_Mohalder_and_Kamrul_Hasan_Talukder
Rajeev Kumar Shah,CU_Rajeev_Kumar_Shah
Rameswar Debnath,CU_Rameswar_Debnath
Rameswar Debnath and Barun Kumar Mondal,CU_Rameswar_Debnath_and_Barun_Kumar_Mondal
Rameswar Debnath and G. M. Atiqur Rahman,CU_Rameswar_Debnath_and_G._M._Atiqur_Rahman
Rameswar Debnath and Haruhiha Takahashi,CU_Rameswar_Debnath_and_Haruhiha_Takahashi
Rameswar Debnath and Haruhisa Takahashi,CU_Rameswar_Debnath_and_Haruhisa_Takahashi
Rameswar Debnath and Haruhisa Takahasi,CU_Rameswar_Debnath_and_Haruhisa_Takahasi
Rameswar Debnath and Haruhisa takahashi,CU_Rameswar_Debnath_and_Haruhisa_takahashi
Rameswar Debnath and S. K. Alamgir Hossain,CU_Rameswar_Debnath_and_S._K._Alamgir_Hossain
Rameswar Debnath and Takio Kurita,CU_Rameswar_Debnath_and_Takio_Kurita
Rashedul Islam,CU_Rashedul_Islam
Razia Sultana and Rameswar Debnath,CU_Razia_Sultana_and_Rameswar_Debnath
Ripon K. Saha,CU_Ripon_K._Saha
Rupa Ghosh,CU_Rupa_Ghosh
S. A. Ahnaf,CU_S._A._Ahnaf
S. A. Ahsan Rajon,CU_S._A._Ahsan_Rajon
S. Farhan,CU_S._Farhan
S. H. Ripon,CU_S._H._Ripon
S. K. Alamgir Hossain,CU_S._K._Alamgir_Hossain
S. Kwong,CU_S._Kwong
S. M. M. Karim,CU_S._M._M._Karim
S. M. Mohidul Islam,CU_S._M._Mohidul_Islam
S. M. Mohidul Islam and Kamrul Hasan Talukder,CU_S._M._Mohidul_Islam_and_Kamrul_Hasan_Talukder
S. M. Mohidul Islam and Rameswar Debnath,CU_S._M._Mohidul_Islam_and_Rameswar_Debnath
S. M. R. Haque,CU_S._M._R._Haque
S. Monjur,CU_S._Monjur
S.A. Hossain,CU_S.A._Hossain
S.K. Alamgir Hossain,CU_S.K._Alamgir_Hossain
S.M. Mohidul Islam,CU_S.M._Mohidul_Islam
S.M. Mohidul Islam and Rameswar Debnath,CU_S.M._Mohidul_Islam_and_Rameswar_Debnath
SA. Hossain,CU_SA._Hossain
Sabia Khatun Mithila,CU_Sabia_Khatun_Mithila
Saikat Mondal,CU_Saikat_Mondal
Saikat Mondal and Rameswar Debnath,CU_Saikat_Mondal_and_Rameswar_Debnath
Seyed Vahid Hosseinioun,CU_Seyed_Vahid_Hosseinioun
Shagoto Rahman,CU_Shagoto_Rahman
Shamim Hasnat Ripon and Kazi Shah Nawaz Ripon,CU_Shamim_Hasnat_Ripon_and_Kazi_Shah_Nawaz_Ripon
Sujana Saha,CU_Sujana_Saha
Sumaiya Tasnim,CU_Sumaiya_Tasnim
Suriya Islam Bani,CU_Suriya_Islam_Bani
T. Tabassum,CU_T._Tabassum
T. Tabassum; S.A. Hossain,CU_T._Tabassum;_S.A._Hossain
Tamanna Tabassum,CU_Tamanna_Tabassum
Tania Islam and Kamrul Hasan Talukder,CU_Tania_Islam_and_Kamrul_Hasan_Talukder
Tarannum Fariha Raisa and Rameswar Debnath,CU_Tarannum_Fariha_Raisa_and_Rameswar_Debnath
Tasnim Tarannum,CU_Tasnim_Tarannum
Taznin Zahan,CU_Taznin_Zahan
Umesh Chandra Biswas and Kamrul Hasan Talukder,CU_Umesh_Chandra_Biswas_and_Kamrul_Hasan_Talukder
Zakaria Ahammed and Kamrul Hasan Talukder,CU_Zakaria_Ahammed_and_Kamrul_Hasan_Talukder
and A. E. Saddik,CU_and_A._E._Saddik
and A. Haque,CU_and_A._Haque
and Abdulmotaleb El Saddik.,CU_and_Abdulmotaleb_El_Saddik.
and El Saddik A.,CU_and_El_Saddik_A.
and J. Torresen,CU_and_J._Torresen
and K. H. Talukder,CU_and_K._H._Talukder
and K. H. Talukder.,CU_and_K._H._Talukder.
and M. A. Rahman,CU_and_M._A._Rahman
and M.A. Hossain,CU_and_M.A._Hossain
and MA. Hossain,CU_and_MA._Hossain
and Rameswar Debnath,CU_and_Rameswar_Debnath
